Mission ID,Mission Name,Launch Date,Target Type,Target Name,Mission Type,Distance from Earth (light-years),Mission Duration (years),Mission Cost (billion USD),Scientific Yield (points),Crew Size,Mission Success (%),Fuel Consumption (tons),Payload Weight (tons),Launch Vehicle,Year,Month,Distance Category,Cost Efficiency,Fuel Efficiency,Success Category
MSN-0001,Mission-1,2025-01-01,Star,Titan,Colonization,7.05,5.2,0.9778285714285713,64.3,21,100.0,0.14274858315301947,99.78,SLS,2025,1,Medium,0.12208551682235894,0.13633382521724874,High
MSN-0002,Mission-2,2025-01-08,Exoplanet,Betelgeuse,Colonization,41.76,23.0,0.42049523809523814,84.4,72,89.6,0.8357797357885348,45.72,Starship,2025,1,Medium,0.3605604921394395,0.010892431285006707,High
MSN-0003,Mission-3,2025-01-15,Asteroid,Mars,Exploration,49.22,28.8,0.3911619047619048,98.6,16,98.6,0.9778823887020202,36.12,Starship,2025,1,Medium,0.45088714102798605,0.007359413202933985,High
MSN-0004,Mission-4,2025-01-22,Exoplanet,Titan,Colonization,26.33,17.8,0.4182285714285714,36.0,59,90.0,0.5101429045663068,40.67,Starship,2025,1,Medium,0.15457941517454593,0.01583075455907826,High
MSN-0005,Mission-5,2025-01-29,Exoplanet,Proxima b,Mining,8.67,9.2,0.11203809523809524,96.5,31,73.2,0.1749211085202798,12.4,Starship,2025,1,Medium,1.3376767396728584,0.013889511178816255,Medium
MSN-0006,Mission-6,2025-02-05,Moon,Ceres,Colonization,13.69,8.8,0.8363809523809523,45.1,42,100.0,0.26181772368584194,88.44,Ariane 6,2025,2,Medium,0.09968613235489147,0.06663200958343693,High
MSN-0007,Mission-7,2025-02-12,Asteroid,Ceres,Research,1.02,5.0,0.3944,44.7,74,95.5,0.03862382862650834,42.07,SLS,2025,2,Medium,0.20283147291042747,0.19919507575757578,High
MSN-0008,Mission-8,2025-02-19,Asteroid,Mars,Colonization,45.72,25.2,0.3565142857142858,40.6,32,89.3,0.9163950293368316,39.34,SLS,2025,2,Medium,0.20250386552945285,0.008551188667392672,High
MSN-0009,Mission-9,2025-02-26,Asteroid,Betelgeuse,Exploration,5.98,4.4,0.6629142857142857,58.7,59,100.0,0.11017010162902408,66.31,Ariane 6,2025,2,Medium,0.16244638162446381,0.1165439302599434,High
MSN-0010,Mission-10,2025-03-05,Exoplanet,Betelgeuse,Colonization,28.87,18.9,0.48125714285714283,23.9,34,99.3,0.5676126978286344,44.76,Starship,2025,3,Medium,0.08985638017896082,0.015669909642455793,High
MSN-0011,Mission-11,2025-03-12,Star,Proxima b,Research,13.78,10.4,0.5989333333333333,59.8,9,91.9,0.2710287288972791,65.18,Starship,2025,3,Medium,0.182450573590432,0.047460589070520996,High
MSN-0012,Mission-12,2025-03-19,Asteroid,Mars,Research,27.75,15.5,0.04853333333333333,58.8,81,71.2,0.5489327152667511,7.08,SLS,2025,3,Medium,1.5154639175257731,0.002562413590925871,Medium
MSN-0013,Mission-13,2025-03-26,Exoplanet,Ceres,Mining,32.61,19.0,0.8067619047619048,78.6,11,100.0,0.659684754046563,81.56,Ariane 6,2025,3,Medium,0.17991622221713552,0.02458966968560437,High
MSN-0014,Mission-14,2025-04-02,Moon,Betelgeuse,Colonization,41.5,22.9,0.9493142857142857,85.0,96,100.0,0.828162558443688,94.11,Starship,2025,4,Medium,0.1661097105782572,0.022626294682784688,High
MSN-0015,Mission-15,2025-04-09,Star,Mars,Research,10.4,9.1,0.6282666666666666,49.6,10,91.2,0.19705071852239958,65.23,Starship,2025,4,Medium,0.14453899055834013,0.06500767375575532,High
MSN-0016,Mission-16,2025-04-16,Moon,Io,Exploration,0.65,3.1,0.9186857142857142,37.2,86,100.0,0.028288944793962253,95.5,Starship,2025,4,Near,0.07505598934689184,0.5986710130391173,High
MSN-0017,Mission-17,2025-04-23,Star,Betelgeuse,Mining,6.93,8.4,0.1844761904761905,33.3,17,83.7,0.13546736952409139,15.99,Falcon Heavy,2025,4,Medium,0.3022601434147227,0.022991645937279825,High
MSN-0018,Mission-18,2025-04-30,Exoplanet,Titan,Exploration,45.01,23.7,0.4617523809523809,27.5,68,96.3,0.9041783487383362,48.26,Ariane 6,2025,4,Medium,0.10753108625948228,0.010631267292881942,High
MSN-0019,Mission-19,2025-05-07,Planet,Io,Colonization,43.71,24.3,0.5559619047619047,15.2,48,100.0,0.8644126434345091,60.58,Starship,2025,5,Medium,0.04980340760157274,0.01395662801600704,High
MSN-0020,Mission-20,2025-05-14,Star,Betelgeuse,Colonization,29.91,17.9,0.6031619047619048,40.8,52,100.0,0.5981553992168845,58.59,Falcon Heavy,2025,5,Medium,0.12364385720346686,0.019470549920908162,High
MSN-0021,Mission-21,2025-05-21,Moon,Ceres,Colonization,30.07,18.0,0.4229333333333334,34.3,25,97.9,0.6008351098081407,40.74,Ariane 6,2025,5,Medium,0.14573419442556082,0.01347864062251866,High
MSN-0022,Mission-22,2025-05-28,Exoplanet,Europa,Mining,33.29,18.9,0.3590285714285715,97.0,21,94.9,0.6432225319665477,34.47,Starship,2025,5,Medium,0.48065011644616223,0.01065691354513189,High
MSN-0023,Mission-23,2025-06-04,Star,Io,Research,8.85,8.3,0.1748952380952381,60.2,65,81.2,0.19351909993720678,13.56,SLS,2025,6,Medium,0.5725699067909454,0.013755883785099822,High
MSN-0024,Mission-24,2025-06-11,Planet,Proxima b,Mining,45.73,27.4,0.4184190476190476,41.3,63,92.6,0.9237942302231359,39.78,Falcon Heavy,2025,6,Medium,0.17726082664492038,0.008577842084040428,High
MSN-0025,Mission-25,2025-06-18,Planet,Proxima b,Exploration,21.0,15.3,0.1586095238095238,62.2,89,77.3,0.41237146388190077,17.1,Falcon Heavy,2025,6,Medium,0.6439590019670773,0.008220600536502353,Medium
MSN-0026,Mission-26,2025-06-25,Asteroid,Ceres,Mining,19.22,13.8,0.7113333333333333,22.5,51,100.0,0.36972606958448495,73.7,Starship,2025,6,Medium,0.05817410864337979,0.03947741966586141,High
MSN-0027,Mission-27,2025-07-02,Asteroid,Betelgeuse,Exploration,25.99,17.4,0.1946857142857143,50.0,36,78.1,0.5196078823487064,21.67,Starship,2025,7,Medium,0.43278802042759457,0.008282436037578639,Medium
MSN-0028,Mission-28,2025-07-09,Moon,Mars,Mining,2.44,4.4,0.05340952380952381,66.4,81,67.4,0.046049026705115854,6.8,Falcon Heavy,2025,7,Medium,1.6054158607350097,0.02738291789151532,Medium
MSN-0029,Mission-29,2025-07-16,Star,Betelgeuse,Research,8.4,8.5,0.5699238095238094,54.0,88,100.0,0.1679258640066873,55.68,SLS,2025,7,Medium,0.17278341279237194,0.06491174893329292,High
MSN-0030,Mission-30,2025-07-23,Star,Ceres,Exploration,36.93,20.7,0.6274285714285714,46.2,66,95.8,0.7368244229623201,59.93,SLS,2025,7,Medium,0.13480392156862744,0.016186010835687548,High
MSN-0031,Mission-31,2025-07-30,Asteroid,Proxima b,Colonization,4.23,4.7,0.8979999999999999,99.4,15,100.0,0.08604070760357882,87.32,Ariane 6,2025,7,Medium,0.2050456917713555,0.1947759362940822,High
MSN-0032,Mission-32,2025-08-06,Star,Betelgeuse,Colonization,30.2,17.4,0.5887047619047618,89.2,96,100.0,0.6147956020749759,58.12,Starship,2025,8,Medium,0.27668351996029655,0.01879464617752727,High
MSN-0033,Mission-33,2025-08-13,Star,Proxima b,Mining,12.34,9.0,0.328952380952381,66.1,39,89.3,0.24884312494250627,35.2,SLS,2025,8,Medium,0.355338135684335,0.027883175830356224,High
MSN-0034,Mission-34,2025-08-20,Planet,Io,Colonization,19.53,11.9,0.7530666666666667,61.2,70,100.0,0.3764513432549285,80.5,Ariane 6,2025,8,Medium,0.1497504159733777,0.042356828657420076,High
MSN-0035,Mission-35,2025-08-27,Asteroid,Mars,Exploration,14.51,12.1,0.5713523809523808,65.9,1,100.0,0.300181580389318,54.49,SLS,2025,8,Medium,0.21035495403472934,0.03586921461626062,High
MSN-0036,Mission-36,2025-09-03,Exoplanet,Io,Colonization,17.85,11.2,0.11483809523809524,28.1,23,84.2,0.36975406656081145,8.85,Starship,2025,9,Medium,0.38174161119413125,0.00474014879246718,High
MSN-0037,Mission-37,2025-09-10,Asteroid,Proxima b,Research,35.98,19.4,0.577295238095238,45.6,39,95.4,0.7474272778539918,57.02,Ariane 6,2025,9,Medium,0.14412136536030343,0.015182660560230057,High
MSN-0038,Mission-38,2025-09-17,Exoplanet,Proxima b,Research,14.93,10.6,0.9150857142857143,13.6,57,100.0,0.28372335787734926,90.89,Ariane 6,2025,9,Medium,0.027544861668084415,0.06325730949381625,High
MSN-0039,Mission-39,2025-09-24,Planet,Europa,Mining,28.36,15.4,0.42531428571428576,52.8,81,90.6,0.5659548768732977,40.23,Ariane 6,2025,9,Medium,0.2231520223152022,0.014125007899892562,High
MSN-0040,Mission-40,2025-10-01,Moon,Europa,Exploration,23.85,13.4,0.34337142857142855,58.9,34,84.3,0.4525191279341832,30.34,SLS,2025,10,Medium,0.3042512526473475,0.013301766846420272,High
MSN-0041,Mission-41,2025-10-08,Star,Io,Research,33.22,18.5,0.12653333333333333,30.5,41,71.3,0.6662480452111171,15.2,Starship,2025,10,Medium,0.3824451410658307,0.004537773983031113,Medium
MSN-0042,Mission-42,2025-10-15,Planet,Titan,Research,46.85,26.3,0.19859047619047618,96.8,93,83.9,0.9278057969739268,15.99,Ariane 6,2025,10,Medium,0.8232692634801837,0.003433105962525684,High
MSN-0043,Mission-43,2025-10-22,Star,Io,Exploration,36.66,21.1,0.4734666666666666,91.9,73,92.8,0.7487411359573166,43.84,Falcon Heavy,2025,10,Medium,0.3509106876933064,0.011652849286449045,High
MSN-0044,Mission-44,2025-10-29,Moon,Europa,Colonization,10.83,9.6,0.5743809523809523,75.0,13,100.0,0.2052198362576842,59.97,Starship,2025,10,Medium,0.23819354019119002,0.057427676750265735,High
MSN-0045,Mission-45,2025-11-05,Moon,Proxima b,Colonization,1.66,4.8,0.12182857142857142,58.0,70,82.7,0.012694628980070156,8.98,Falcon Heavy,2025,11,Medium,0.7505175983436853,0.11012999754721609,High
MSN-0046,Mission-46,2025-11-12,Planet,Ceres,Mining,13.19,9.3,0.9012761904761905,88.3,6,100.0,0.2554484115715503,94.02,Falcon Heavy,2025,11,Medium,0.18150424469156612,0.07257765701228926,High
MSN-0047,Mission-47,2025-11-19,Moon,Io,Colonization,29.79,17.2,0.7874666666666666,21.8,84,100.0,0.5723721838041491,75.76,Ariane 6,2025,11,Medium,0.05108496977082064,0.026303454932418594,High
MSN-0048,Mission-48,2025-11-26,Exoplanet,Proxima b,Exploration,2.67,3.6,0.5423238095238095,81.1,52,100.0,0.057291812484251706,59.08,Ariane 6,2025,11,Medium,0.2721111260233525,0.19399113446067967,High
MSN-0049,Mission-49,2025-12-03,Moon,Ceres,Research,24.87,16.5,0.8213142857142857,21.2,3,100.0,0.4730869066140857,83.02,SLS,2025,12,Medium,0.04769296528762008,0.03482747771368642,High
MSN-0050,Mission-50,2025-12-10,Star,Ceres,Colonization,29.88,16.1,0.07721904761904762,81.5,81,73.0,0.5942078255548401,8.94,SLS,2025,12,Medium,1.513182324545117,0.002990546661225254,Medium
MSN-0051,Mission-51,2025-12-17,Star,Europa,Mining,16.78,9.4,0.5021523809523809,34.8,63,93.8,0.31117639294956145,48.21,SLS,2025,12,Medium,0.1256544502617801,0.0306268303994003,High
MSN-0052,Mission-52,2025-12-24,Star,Io,Colonization,38.57,23.5,0.5965714285714285,88.9,49,100.0,0.7645034336291681,63.38,Starship,2025,12,Medium,0.272265098615705,0.016500954181083525,High
MSN-0053,Mission-53,2025-12-31,Star,Betelgeuse,Exploration,5.42,5.6,0.7893523809523809,95.0,76,100.0,0.12120890943778072,83.04,SLS,2025,12,Medium,0.2221027283566736,0.1330406780204111,High
MSN-0054,Mission-54,2026-01-07,Exoplanet,Mars,Mining,3.85,3.4,0.7708571428571428,23.4,47,100.0,0.07698568554596104,78.56,Falcon Heavy,2026,1,Medium,0.05597818286206401,0.1949234548296653,High
MSN-0055,Mission-55,2026-01-14,Asteroid,Europa,Colonization,36.44,20.2,0.33268571428571425,51.6,55,84.7,0.7164766205249833,28.43,SLS,2026,1,Medium,0.27449728694541975,0.007895401893452343,High
MSN-0056,Mission-56,2026-01-21,Planet,Europa,Mining,24.83,17.1,0.8929523809523809,98.3,64,100.0,0.49262279673795234,94.15,Ariane 6,2026,1,Medium,0.20389114743217454,0.03794167902508221,High
MSN-0057,Mission-57,2026-01-28,Star,Betelgeuse,Exploration,34.45,21.7,0.11676190476190476,53.5,65,74.6,0.6854939666516017,13.31,SLS,2026,1,Medium,0.7169659608683998,0.003862561304738965,Medium
MSN-0058,Mission-58,2026-02-04,Moon,Mars,Research,21.8,14.7,0.8820380952380952,87.7,81,100.0,0.4370667967859472,87.64,Starship,2026,2,Medium,0.1840928650895275,0.03977074191220849,High
MSN-0059,Mission-59,2026-02-11,Star,Proxima b,Exploration,12.4,9.1,0.9482095238095237,63.0,67,100.0,0.23069508493082752,97.12,Starship,2026,2,Medium,0.12325631444055328,0.0828909410579861,High
MSN-0060,Mission-60,2026-02-18,Moon,Titan,Exploration,40.97,23.6,0.2382095238095238,43.8,90,83.8,0.8216252644714371,18.54,Falcon Heavy,2026,2,Medium,0.31651972828443414,0.004492770129621507,High
MSN-0061,Mission-61,2026-02-25,Moon,Io,Exploration,39.99,24.9,0.680495238095238,35.7,15,98.6,0.7690609414183268,72.48,Starship,2026,2,Medium,0.09633547412164715,0.018758832024597674,High
MSN-0062,Mission-62,2026-03-04,Star,Titan,Exploration,34.77,22.2,0.08434285714285715,28.3,32,70.2,0.685415975074692,4.99,SLS,2026,3,Medium,0.4913194444444444,0.0014482616506700024,Medium
MSN-0063,Mission-63,2026-03-11,Exoplanet,Proxima b,Research,13.68,8.7,0.39007619047619047,78.6,96,95.2,0.26507737164386247,41.14,Ariane 6,2026,3,Medium,0.360368621337857,0.030619459805446603,High
MSN-0064,Mission-64,2026-03-18,Moon,Europa,Research,29.55,19.0,0.487447619047619,44.8,68,99.9,0.5936578849484255,52.11,Starship,2026,3,Medium,0.16640047542992978,0.0174475251701728,High
MSN-0065,Mission-65,2026-03-25,Moon,Mars,Mining,18.11,10.8,0.5972761904761904,56.0,18,100.0,0.3587752522727546,58.48,Falcon Heavy,2026,3,Medium,0.17131145033497508,0.03227141540617946,High
MSN-0066,Mission-66,2026-04-01,Star,Europa,Colonization,4.67,4.2,0.9239428571428571,54.3,83,100.0,0.07572382182724267,93.66,SLS,2026,4,Medium,0.10895082164569915,0.2360859044162129,High
MSN-0067,Mission-67,2026-04-08,Moon,Ceres,Research,45.87,26.6,0.6903238095238096,62.0,43,100.0,0.9038403852383943,67.55,Falcon Heavy,2026,4,Medium,0.1650077181029435,0.01488623216351716,High
MSN-0068,Mission-68,2026-04-15,Moon,Europa,Research,6.93,6.1,0.46874285714285724,87.9,35,94.1,0.1369592084054922,48.65,Starship,2026,4,Medium,0.3388458424887244,0.06921030543581864,High
MSN-0069,Mission-69,2026-04-22,Star,Europa,Colonization,47.52,28.5,0.791295238095238,98.3,78,100.0,0.9458958432489292,81.16,Starship,2026,4,Medium,0.22927113702623905,0.017093333052516296,High
MSN-0070,Mission-70,2026-04-29,Star,Proxima b,Research,22.36,12.5,0.9200952380952381,46.7,58,100.0,0.43774872313790114,95.1,Falcon Heavy,2026,4,Medium,0.09408304289139151,0.04308938668986516,High
MSN-0071,Mission-71,2026-05-06,Planet,Proxima b,Exploration,9.34,7.7,0.09866666666666668,84.5,33,74.0,0.17836073704039968,3.18,SLS,2026,5,Medium,1.2976044226044225,0.0034946591058947645,Medium
MSN-0072,Mission-72,2026-05-13,Exoplanet,Proxima b,Exploration,27.14,18.2,0.9397142857142857,78.8,14,100.0,0.5460910221696057,98.27,Starship,2026,5,Medium,0.15552529259675923,0.035750015461235955,High
MSN-0073,Mission-73,2026-05-20,Exoplanet,Titan,Colonization,43.66,26.4,0.09481904761904762,61.6,34,77.6,0.8643186535854128,9.53,Ariane 6,2026,5,Medium,0.9762282091917591,0.002195791821424292,Medium
MSN-0074,Mission-74,2026-05-27,Moon,Ceres,Mining,36.64,19.9,0.786952380952381,96.0,61,100.0,0.7282293512300672,81.62,Starship,2026,5,Medium,0.22510375876380517,0.022302983932670238,High
MSN-0075,Mission-75,2026-06-03,Exoplanet,Proxima b,Mining,40.35,22.6,0.303047619047619,28.0,4,84.7,0.8249989001187872,28.75,SLS,2026,6,Medium,0.16239415381046282,0.0069385784964402075,High
MSN-0076,Mission-76,2026-06-10,Moon,Mars,Colonization,32.97,20.0,0.13426666666666667,19.8,88,85.0,0.6414827198662545,14.09,Starship,2026,6,Medium,0.23624865767808137,0.0043678816548970495,High
MSN-0077,Mission-77,2026-06-17,Planet,Titan,Colonization,34.64,19.0,0.48624761904761904,86.9,59,100.0,0.6705975754618501,44.55,Falcon Heavy,2026,6,Medium,0.3235294117647059,0.013214055840138102,High
MSN-0078,Mission-78,2026-06-24,Star,Betelgeuse,Exploration,42.47,26.1,0.6179999999999999,49.5,29,100.0,0.8535318185635952,64.75,Starship,2026,6,Medium,0.1465494271249667,0.01510669173949764,High
MSN-0079,Mission-79,2026-07-01,Star,Mars,Mining,12.56,10.9,0.42879999999999996,86.2,83,87.5,0.24077599619241125,38.71,Starship,2026,7,Medium,0.3615165240731421,0.031675763254150745,High
MSN-0080,Mission-80,2026-07-08,Star,Io,Research,24.52,13.9,0.04714285714285714,90.4,6,74.9,0.4835537761921713,6.4,SLS,2026,7,Medium,2.374573154714999,0.0026271607370827845,Medium
MSN-0081,Mission-81,2026-07-15,Exoplanet,Io,Exploration,11.14,7.1,0.6125714285714285,15.6,97,100.0,0.21135317385722346,60.35,Falcon Heavy,2026,7,Medium,0.046578287352203505,0.056142668428005284,High
MSN-0082,Mission-82,2026-07-22,Planet,Mars,Colonization,49.38,26.0,0.9215619047619047,89.5,49,100.0,0.9812840213256969,90.34,SLS,2026,7,Medium,0.18002977028603614,0.0183431099632285,High
MSN-0083,Mission-83,2026-07-29,Exoplanet,Proxima b,Mining,47.21,28.2,0.3631428571428571,50.3,40,97.2,0.9564707011642744,38.94,Starship,2026,7,Medium,0.2466048928764034,0.008110928507601652,High
MSN-0084,Mission-84,2026-08-05,Exoplanet,Betelgeuse,Research,2.07,2.8,0.28043809523809526,55.9,83,92.5,0.04580505305427014,22.42,Ariane 6,2026,8,Medium,0.3481781376518218,0.09072882521953786,High
MSN-0085,Mission-85,2026-08-12,Planet,Betelgeuse,Research,35.31,20.3,0.44565714285714286,66.4,65,100.0,0.7111331976146577,44.82,Starship,2026,8,Medium,0.2685106555056816,0.012540184829230213,High
MSN-0086,Mission-86,2026-08-19,Planet,Titan,Exploration,46.27,25.9,0.11994285714285716,93.4,69,79.2,0.9075279869774063,5.79,SLS,2026,8,Medium,1.2242757897496395,0.00127079862780086,Medium
MSN-0087,Mission-87,2026-08-26,Planet,Betelgeuse,Mining,9.11,8.0,0.8228380952380953,11.7,27,100.0,0.16705795774056403,82.23,Ariane 6,2026,8,Medium,0.026273831712739438,0.09635123734533184,High
MSN-0088,Mission-88,2026-09-02,Planet,Io,Mining,28.44,15.5,0.7933523809523809,52.9,80,100.0,0.5367400320765358,82.81,SLS,2026,9,Medium,0.12307191215131563,0.0306471012749579,High
MSN-0089,Mission-89,2026-09-09,Star,Ceres,Colonization,45.78,24.8,0.5580190476190475,71.9,6,100.0,0.9037963899898811,59.21,SLS,2026,9,Medium,0.23475251403944108,0.013048949538625641,High
MSN-0090,Mission-90,2026-09-16,Asteroid,Proxima b,Mining,1.79,5.6,0.34735238095238097,75.0,13,87.1,0.041751490838989394,35.96,Falcon Heavy,2026,9,Medium,0.38327882256745704,0.15852583318638688,High
MSN-0091,Mission-91,2026-09-23,Asteroid,Betelgeuse,Mining,34.9,22.1,0.7488380952380952,72.3,64,100.0,0.6994824558947633,80.18,Ariane 6,2026,9,Medium,0.1778772818973577,0.022805296016610493,High
MSN-0092,Mission-92,2026-09-30,Planet,Titan,Exploration,14.94,11.6,0.5224380952380953,22.1,62,100.0,0.2929403624408564,55.91,Starship,2026,9,Medium,0.07684283727399166,0.03770264073584549,High
MSN-0093,Mission-93,2026-10-07,Asteroid,Io,Mining,46.23,24.2,0.7745904761904762,36.9,99,100.0,0.9206645682266316,82.77,SLS,2026,10,Medium,0.08786132672984427,0.017908297056609,High
MSN-0094,Mission-94,2026-10-14,Asteroid,Ceres,Research,48.56,26.6,0.6208571428571428,42.3,19,100.0,0.9605962556043949,63.51,Starship,2026,10,Medium,0.12467945883809355,0.013172085383153998,High
MSN-0095,Mission-95,2026-10-21,Planet,Europa,Exploration,47.22,27.1,0.7999238095238095,82.4,76,100.0,0.9427341847080515,78.66,Falcon Heavy,2026,10,Medium,0.19017725258493356,0.016622149341538047,High
MSN-0096,Mission-96,2026-10-28,Asteroid,Europa,Exploration,23.76,14.0,0.5636380952380953,35.1,80,90.0,0.47919424702132174,60.26,Falcon Heavy,2026,10,Medium,0.1135077450441419,0.024959719006415963,High
MSN-0097,Mission-97,2026-11-04,Exoplanet,Ceres,Colonization,43.12,26.2,0.3887047619047619,29.0,43,99.4,0.842539005787375,42.0,Ariane 6,2026,11,Medium,0.13340080040480243,0.00992623859368833,High
MSN-0098,Mission-98,2026-11-11,Moon,Io,Mining,42.24,24.7,0.949352380952381,96.2,74,100.0,0.8440928379734988,95.84,Falcon Heavy,2026,11,Medium,0.1879897602251187,0.02260921259359563,High
MSN-0099,Mission-99,2026-11-18,Moon,Titan,Colonization,16.02,9.3,0.514647619047619,10.8,89,96.1,0.3260767837073596,54.57,Falcon Heavy,2026,11,Medium,0.03809389439525943,0.03310041125304801,High
MSN-0100,Mission-100,2026-11-25,Planet,Ceres,Research,41.46,25.4,0.5656380952380952,99.8,20,100.0,0.8213472944921948,60.9,Starship,2026,11,Medium,0.3216449658373083,0.014762777438403584,High
MSN-0101,Mission-101,2026-12-02,Star,Proxima b,Exploration,1.95,5.8,0.20954285714285714,70.9,95,82.3,0.04239142172645354,22.83,Falcon Heavy,2026,12,Medium,0.5748804021730317,0.09924360980699008,High
MSN-0102,Mission-102,2026-12-09,Planet,Proxima b,Exploration,29.85,16.2,0.6621714285714285,84.6,68,100.0,0.6214668815767898,62.94,Falcon Heavy,2026,12,Medium,0.234375,0.02013609620792583,High
MSN-0103,Mission-103,2026-12-16,Star,Europa,Exploration,11.58,8.9,0.6016761904761905,36.5,44,100.0,0.22691949269478895,57.59,SLS,2026,12,Medium,0.11087484811664641,0.049957494057842784,High
MSN-0104,Mission-104,2026-12-23,Moon,Betelgeuse,Research,6.12,5.3,0.19339047619047617,11.3,23,74.5,0.12270874745527484,19.3,Falcon Heavy,2026,12,Medium,0.09838920330866349,0.03055392847531148,Medium
MSN-0105,Mission-105,2026-12-30,Planet,Titan,Research,3.94,4.5,0.10346666666666668,76.4,2,79.7,0.06780067752682711,6.9,SLS,2026,12,Medium,1.1295091661738617,0.019322318678241388,Medium
MSN-0106,Mission-106,2027-01-06,Exoplanet,Europa,Colonization,34.84,19.1,0.6060190476190477,85.1,22,100.0,0.6949249481056046,60.83,Falcon Heavy,2027,1,Medium,0.25672740436828767,0.017414530526243466,High
MSN-0107,Mission-107,2027-01-13,Asteroid,Betelgeuse,Colonization,17.06,11.8,0.769352380952381,76.6,57,100.0,0.34215304747087316,76.61,Falcon Heavy,2027,1,Medium,0.18359178390815614,0.04430859277852644,High
MSN-0108,Mission-108,2027-01-20,Star,Betelgeuse,Colonization,36.27,23.0,0.543295238095238,22.9,72,96.2,0.7236578449527451,52.82,Ariane 6,2027,1,Medium,0.07670406967007201,0.014523996766334686,High
MSN-0109,Mission-109,2027-01-27,Asteroid,Proxima b,Mining,3.36,4.7,0.258552380952381,77.8,7,93.6,0.05338623428669704,23.45,Ariane 6,2027,1,Medium,0.5219374748423453,0.0822749280752228,High
MSN-0110,Mission-110,2027-02-03,Asteroid,Io,Exploration,15.83,9.2,0.6393714285714286,79.2,78,100.0,0.31501797805836973,66.99,SLS,2027,2,Medium,0.22694060001719246,0.0420442848894133,High
MSN-0111,Mission-111,2027-02-10,Planet,Mars,Exploration,27.02,17.0,0.06521904761904762,69.3,56,71.1,0.5513504541509517,8.93,Falcon Heavy,2027,2,Medium,1.4571068124474347,0.0032178904619997043,Medium
MSN-0112,Mission-112,2027-02-17,Asteroid,Io,Colonization,39.56,22.1,0.4451428571428572,79.0,67,88.0,0.7919884652457534,44.74,Starship,2027,2,Medium,0.3198121609586268,0.011245642125159926,High
MSN-0113,Mission-113,2027-02-24,Exoplanet,Mars,Exploration,16.01,12.4,0.2232190476190476,86.1,16,81.1,0.3261727733404792,17.17,Ariane 6,2027,2,Medium,0.6597195617194085,0.010411739736826148,High
MSN-0114,Mission-114,2027-03-03,Asteroid,Ceres,Colonization,31.33,18.4,0.21312380952380952,65.2,83,84.7,0.6205509804941066,19.26,Starship,2027,3,Medium,0.5207251816947529,0.006170802428592026,High
MSN-0115,Mission-115,2027-03-10,Planet,Proxima b,Mining,44.31,23.9,0.2545142857142857,18.0,51,85.9,0.8899918808768653,21.03,Ariane 6,2027,3,Medium,0.12249897917517354,0.0047062772742531055,High
MSN-0116,Mission-116,2027-03-17,Exoplanet,Betelgeuse,Mining,30.83,17.2,0.44318095238095234,53.9,82,100.0,0.6157135029416823,39.28,Ariane 6,2027,3,Medium,0.21911459815439652,0.012683405662326928,High
MSN-0117,Mission-117,2027-03-24,Moon,Titan,Research,11.72,9.9,0.049523809523809526,17.0,80,77.9,0.2212541045567079,6.06,Falcon Heavy,2027,3,Medium,0.4323499491353001,0.005389301436257725,Medium
MSN-0118,Mission-118,2027-03-31,Asteroid,Mars,Mining,1.32,2.7,0.42567619047619054,46.7,72,98.5,0.025971195110928023,40.38,Ariane 6,2027,3,Medium,0.19721283783783783,0.272966943824782,High
MSN-0119,Mission-119,2027-04-07,Planet,Io,Colonization,43.52,25.8,0.5314666666666666,46.6,97,100.0,0.8567794678174757,51.66,Starship,2027,4,Medium,0.15940343435725526,0.012007195950186173,High
MSN-0120,Mission-120,2027-04-14,Moon,Betelgeuse,Mining,1.16,2.4,0.5332380952380952,15.9,12,92.4,0.013258568074647939,48.85,Ariane 6,2027,4,Medium,0.054216251236062336,0.5790659080132765,High
MSN-0121,Mission-121,2027-04-21,Moon,Mars,Research,43.75,24.2,0.43899047619047615,41.4,53,93.4,0.8731876957288613,38.9,SLS,2027,4,Medium,0.16981828622995201,0.00887222400883117,High
MSN-0122,Mission-122,2027-04-28,Star,Mars,Exploration,26.49,16.1,0.8413904761904761,20.0,75,100.0,0.5291028568914558,84.08,Falcon Heavy,2027,4,Medium,0.04395121415229095,0.03156322028935454,High
MSN-0123,Mission-123,2027-05-05,Exoplanet,Mars,Colonization,46.96,28.3,0.14584761904761906,82.7,5,78.7,0.9235962516048267,15.39,Falcon Heavy,2027,5,Medium,0.9200133496495717,0.0033192855016887595,Medium
MSN-0124,Mission-124,2027-05-12,Asteroid,Titan,Exploration,39.96,24.7,0.5373523809523809,95.3,27,100.0,0.8060409475776615,51.06,SLS,2027,5,Medium,0.3225806451612903,0.012611455528935216,High
MSN-0125,Mission-125,2027-05-19,Planet,Proxima b,Research,49.9,26.8,0.05451428571428571,16.5,12,72.6,1.0,7.14,SLS,2027,5,Medium,0.3934191702432046,0.0014227075279958552,Medium
MSN-0126,Mission-126,2027-05-26,Star,Titan,Research,17.6,11.2,0.12596190476190477,96.0,17,72.8,0.34130313926095984,8.04,SLS,2027,5,Medium,1.2083071113908117,0.0046615181242607665,Medium
MSN-0127,Mission-127,2027-06-02,Exoplanet,Europa,Research,38.38,20.8,0.6120571428571427,57.0,6,100.0,0.7485311586348674,57.81,Ariane 6,2027,6,Medium,0.17032720753025551,0.015370421576551666,High
MSN-0128,Mission-128,2027-06-09,Star,Betelgeuse,Exploration,20.16,13.1,0.5555047619047618,37.0,97,100.0,0.39809500573938017,57.04,Falcon Heavy,2027,6,Medium,0.1213273871983211,0.02839576851275669,High
MSN-0129,Mission-129,2027-06-16,Exoplanet,Proxima b,Exploration,24.05,14.9,0.8728190476190476,16.9,5,100.0,0.4728769292916365,87.93,SLS,2027,6,Medium,0.03583925352560704,0.036903512821588956,High
MSN-0130,Mission-130,2027-06-23,Exoplanet,Proxima b,Exploration,31.41,20.3,0.5522095238095238,55.1,57,99.1,0.6256524295376099,56.23,Ariane 6,2027,6,Medium,0.18171025294331036,0.0178697412494518,High
MSN-0131,Mission-131,2027-06-30,Asteroid,Proxima b,Exploration,43.7,26.6,0.9318666666666666,81.5,28,100.0,0.8666624004607503,96.02,SLS,2027,6,Medium,0.16217291811760023,0.022064230302584652,High
MSN-0132,Mission-132,2027-07-07,Exoplanet,Io,Research,49.21,27.1,0.06093333333333334,73.6,78,80.1,0.9604102756902255,5.82,Starship,2027,7,Medium,1.6243654822335023,0.0012073110775977414,High
MSN-0133,Mission-133,2027-07-14,Star,Proxima b,Research,38.44,22.2,0.14956190476190476,14.5,69,77.7,0.7612217880468909,10.7,Starship,2027,7,Medium,0.15788327526132404,0.0027976928185578544,Medium
MSN-0134,Mission-134,2027-07-21,Exoplanet,Titan,Colonization,20.95,15.1,0.11495238095238094,16.6,59,84.6,0.41228747295292106,5.36,Falcon Heavy,2027,7,Medium,0.22532917062576355,0.002577270017117689,High
MSN-0135,Mission-135,2027-07-28,Asteroid,Proxima b,Colonization,21.13,14.8,0.24853333333333336,46.3,33,92.0,0.4252780699684434,19.34,Ariane 6,2027,7,Medium,0.3219749652294854,0.009017662308596155,High
MSN-0136,Mission-136,2027-08-04,Asteroid,Ceres,Exploration,36.91,19.5,0.5127428571428571,36.6,62,97.8,0.72752742703788,54.59,Starship,2027,8,Medium,0.1295529361792503,0.014931251692381752,High
MSN-0137,Mission-137,2027-08-11,Star,Betelgeuse,Mining,12.01,8.3,0.6763619047619048,30.9,50,100.0,0.25334663856303524,64.91,Starship,2027,8,Medium,0.08387394478977225,0.05051637054158592,High
MSN-0138,Mission-138,2027-08-18,Moon,Proxima b,Mining,5.61,5.5,0.09782857142857145,35.3,19,66.0,0.08946233806748873,5.51,Ariane 6,2027,8,Medium,0.5457637600494742,0.01183876928365777,Medium
MSN-0139,Mission-139,2027-08-25,Moon,Betelgeuse,Research,17.8,10.8,0.9015619047619047,82.3,86,100.0,0.3654605302627317,94.65,SLS,2027,8,Medium,0.16911885582771657,0.05128524675437266,High
MSN-0140,Mission-140,2027-09-01,Exoplanet,Ceres,Research,14.43,9.0,0.7863428571428571,93.6,69,100.0,0.2827134669455699,84.37,Ariane 6,2027,9,Medium,0.21964097148891235,0.0589266507424325,High
MSN-0141,Mission-141,2027-09-08,Planet,Ceres,Research,14.89,8.6,0.2906857142857143,46.5,66,93.5,0.30275130285929125,30.36,SLS,2027,9,Medium,0.2802386548544567,0.01981749108996201,High
MSN-0142,Mission-142,2027-09-15,Exoplanet,Betelgeuse,Colonization,11.76,9.5,0.14396190476190476,91.5,94,79.5,0.2323609050222576,8.64,Starship,2027,9,Medium,1.0292463442069741,0.007322095949965678,Medium
MSN-0143,Mission-143,2027-09-22,Star,Mars,Colonization,2.2,3.2,0.20535238095238095,38.9,47,84.1,0.051778407931943354,17.82,Starship,2027,9,Medium,0.32114257409394864,0.06433677521842732,High
MSN-0144,Mission-144,2027-09-29,Star,Europa,Research,0.99,1.7,0.17306666666666667,52.9,39,69.3,0.012312670231614985,13.57,Starship,2027,9,Near,0.5077750047993856,0.17041316086901923,Medium
MSN-0145,Mission-145,2027-10-06,Star,Io,Research,49.39,26.6,0.12634285714285715,30.3,68,72.0,0.9730969055342023,13.21,Falcon Heavy,2027,10,Medium,0.3804143126177024,0.002704711439434734,Medium
MSN-0146,Mission-146,2027-10-13,Star,Mars,Research,21.45,14.9,0.5421523809523809,67.6,33,100.0,0.4395465289748708,52.34,Falcon Heavy,2027,10,Medium,0.2268837053196845,0.023618813824722588,High
MSN-0147,Mission-147,2027-10-20,Star,Mars,Mining,19.28,14.0,0.2204952380952381,98.1,13,84.3,0.38081287220980137,25.34,Falcon Heavy,2027,10,Medium,0.7599938022931514,0.013181919857672721,High
MSN-0148,Mission-148,2027-10-27,Asteroid,Titan,Colonization,34.01,19.9,0.3588,64.3,84,89.4,0.6787306970847148,36.46,Ariane 6,2027,10,Medium,0.3188060885517378,0.010685564230615929,High
MSN-0149,Mission-149,2027-11-03,Moon,Io,Mining,10.99,8.2,0.9775047619047619,42.2,54,100.0,0.2285113207773561,98.96,Starship,2027,11,Medium,0.08015042449336196,0.08525595740648206,High
MSN-0150,Mission-150,2027-11-10,Star,Io,Mining,47.5,28.7,0.6449333333333334,68.3,7,100.0,0.9359669155731181,68.75,Starship,2027,11,Medium,0.19408371458611576,0.014632640899029457,High
MSN-0151,Mission-151,2027-11-17,Planet,Mars,Research,39.34,21.5,0.9576380952380953,21.1,79,100.0,0.7890567818675583,94.95,Ariane 6,2027,11,Medium,0.040885134087738334,0.02395446759019822,High
MSN-0152,Mission-152,2027-11-24,Planet,Proxima b,Research,4.56,4.1,0.14238095238095236,90.0,87,79.2,0.08168117843272926,15.11,Falcon Heavy,2027,11,Medium,1.0219143862836382,0.03542707087758786,Medium
MSN-0153,Mission-153,2027-12-01,Planet,Titan,Exploration,20.94,12.6,0.4072190476190476,55.3,14,93.7,0.4138213072988117,38.83,Ariane 6,2027,12,Medium,0.24349434194883535,0.018602177839311295,High
MSN-0154,Mission-154,2027-12-08,Planet,Titan,Exploration,43.97,23.7,0.5469142857142857,50.4,87,100.0,0.8764153471425086,55.92,Falcon Heavy,2027,12,Medium,0.16774837743384924,0.012707329211177542,High
MSN-0155,Mission-155,2027-12-15,Asteroid,Ceres,Mining,47.24,26.1,0.11407619047619047,62.7,19,66.8,0.9260859827138669,8.6,Starship,2027,12,Medium,0.856440376997678,0.0018498641640442332,Medium
MSN-0156,Mission-156,2027-12-22,Planet,Io,Colonization,23.42,16.4,0.0,66.2,54,74.7,0.4569506493298724,1.41,SLS,2027,12,Medium,4.96996996996997,0.000612228947574097,Medium
MSN-0157,Mission-157,2027-12-29,Star,Mars,Research,30.71,18.8,0.6197333333333334,16.5,93,100.0,0.624030604694693,67.37,Falcon Heavy,2027,12,Medium,0.048718554387622535,0.021465326344968217,High
MSN-0158,Mission-158,2028-01-05,Exoplanet,Ceres,Research,8.43,6.9,0.6760952380952381,71.4,20,100.0,0.17383122622756741,64.54,Starship,2028,1,Medium,0.1938794905911424,0.07273669856081867,High
MSN-0159,Mission-159,2028-01-12,Planet,Betelgeuse,Mining,49.56,29.5,0.398552380952381,31.8,29,89.0,0.9868554196146816,41.67,Starship,2028,1,Medium,0.14288281811646297,0.008413303801634204,High
MSN-0160,Mission-160,2028-01-19,Asteroid,Europa,Exploration,11.66,7.0,0.5241714285714285,74.3,24,98.6,0.23199494454598907,49.47,SLS,2028,1,Medium,0.257530068281862,0.041989203503768585,High
MSN-0161,Mission-161,2028-01-26,Asteroid,Titan,Colonization,47.14,25.4,0.47104761904761905,84.0,82,99.6,0.9361448963511941,42.13,Starship,2028,1,Medium,0.32230834164684213,0.008965184102279282,High
MSN-0162,Mission-162,2028-02-02,Planet,Betelgeuse,Exploration,32.52,19.5,0.02845714285714286,82.4,63,88.4,0.6602826894695373,3.38,Starship,2028,2,Medium,2.915782024062279,0.0010181244220336583,High
MSN-0163,Mission-163,2028-02-09,Exoplanet,Betelgeuse,Exploration,30.43,18.7,0.32699047619047616,59.7,74,92.5,0.6029188847604459,34.2,Falcon Heavy,2028,2,Medium,0.32272014703497487,0.011276038747370574,High
MSN-0164,Mission-164,2028-02-16,Planet,Proxima b,Exploration,25.68,14.0,0.21487619047619047,56.8,57,78.4,0.512250676926892,18.53,Falcon Heavy,2028,2,Medium,0.45032902560849913,0.007183312076725371,Medium
MSN-0165,Mission-165,2028-02-23,Asteroid,Europa,Exploration,11.61,8.4,0.16893333333333335,22.9,8,78.1,0.2400220776156175,10.74,SLS,2028,2,Medium,0.22448779531418486,0.008815562669293278,Medium
MSN-0166,Mission-166,2028-03-01,Moon,Betelgeuse,Research,8.91,8.1,0.9736190476190476,79.8,90,100.0,0.16679598603350837,95.72,SLS,2028,3,Medium,0.15215360268461492,0.11233027824392991,High
MSN-0167,Mission-167,2028-03-08,Star,Betelgeuse,Research,11.1,9.3,0.5981333333333333,34.4,62,93.8,0.2339507333208014,60.34,Starship,2028,3,Medium,0.10508950937862772,0.05079381113524252,High
MSN-0168,Mission-168,2028-03-15,Asteroid,Europa,Exploration,9.4,8.3,0.7473142857142857,54.7,29,100.0,0.16906574089998283,73.14,Falcon Heavy,2028,3,Medium,0.13484198589952176,0.08470375689072127,High
MSN-0169,Mission-169,2028-03-22,Planet,Europa,Colonization,39.0,21.8,0.2960571428571429,35.6,74,90.5,0.7925983993728677,32.22,SLS,2028,3,Medium,0.21096296296296296,0.00809246812743,High
MSN-0170,Mission-170,2028-03-29,Star,Betelgeuse,Mining,17.57,10.2,0.4479428571428572,22.0,17,88.5,0.3440248453167058,39.92,SLS,2028,3,Medium,0.08853474988933156,0.022964041026939032,High
MSN-0171,Mission-171,2028-04-05,Planet,Europa,Colonization,2.99,4.2,0.29948571428571436,66.7,66,92.3,0.05375619433101225,24.46,Ariane 6,2028,4,Medium,0.39108765757842273,0.08526510265974135,High
MSN-0172,Mission-172,2028-04-12,Planet,Betelgeuse,Colonization,48.46,25.7,0.09276190476190477,14.9,6,78.6,0.9465857687369764,10.6,SLS,2028,4,Medium,0.2402450822315382,0.0022308744606966222,Medium
MSN-0173,Mission-173,2028-04-19,Moon,Betelgeuse,Colonization,44.2,26.9,0.18276190476190476,77.4,58,77.3,0.8757454194946946,18.72,Starship,2028,4,Medium,0.7083371465178,0.004257196526928132,Medium
MSN-0174,Mission-174,2028-04-26,Star,Proxima b,Exploration,46.39,26.1,0.7473142857142857,38.6,69,100.0,0.9136913213372956,79.95,Falcon Heavy,2028,4,Medium,0.09515357688704826,0.01742965461160974,High
MSN-0175,Mission-175,2028-05-03,Star,Mars,Research,49.75,27.1,0.6502666666666665,10.0,28,100.0,0.9852055977954381,68.08,SLS,2028,5,Medium,0.028192044205125315,0.013768499904947195,High
MSN-0176,Mission-176,2028-05-10,Moon,Betelgeuse,Colonization,8.78,8.5,0.5779238095238095,56.0,62,100.0,0.1705955756778268,55.15,Ariane 6,2028,5,Medium,0.176806743914375,0.06330857621709733,High
MSN-0177,Mission-177,2028-05-17,Asteroid,Ceres,Exploration,19.87,12.9,0.4692761904761905,14.2,41,96.0,0.403322441176353,48.03,Falcon Heavy,2028,5,Medium,0.05468058069236397,0.023603241452854945,High
MSN-0178,Mission-178,2028-05-24,Planet,Titan,Colonization,37.94,21.2,0.8640190476190476,34.9,69,100.0,0.7571822243197734,92.32,SLS,2028,5,Medium,0.07474353757522541,0.024266766201062984,High
MSN-0179,Mission-179,2028-05-31,Exoplanet,Io,Colonization,34.83,21.7,0.08657142857142858,73.6,82,76.3,0.6959888332060138,8.2,Ariane 6,2028,5,Medium,1.2523396290624467,0.0023439420531788996,Medium
MSN-0180,Mission-180,2028-06-07,Planet,Mars,Exploration,7.78,8.4,0.34222857142857144,15.6,90,86.7,0.14101677018881964,28.78,SLS,2028,6,Medium,0.08083320379294263,0.039794253477503386,High
MSN-0181,Mission-181,2028-06-14,Planet,Mars,Research,40.81,24.1,0.37472380952380957,85.5,84,80.5,0.8036932011342776,35.64,Falcon Heavy,2028,6,Medium,0.40704594144251366,0.008828425349768142,High
MSN-0182,Mission-182,2028-06-21,Asteroid,Mars,Research,11.3,6.8,0.7626095238095237,10.3,41,100.0,0.24035004219544293,78.46,Falcon Heavy,2028,6,Medium,0.024897870386037857,0.06431463842484056,High
MSN-0183,Mission-183,2028-06-28,Planet,Proxima b,Mining,11.27,8.9,0.9374095238095237,32.2,49,100.0,0.21441284341291145,99.26,Falcon Heavy,2028,6,Medium,0.06370434851422467,0.09104417375990607,High
MSN-0184,Mission-184,2028-07-05,Moon,Betelgeuse,Exploration,26.9,17.5,0.305047619047619,76.7,91,89.3,0.5508905038255868,24.83,Starship,2028,7,Medium,0.442151380642186,0.008954814790771816,High
MSN-0185,Mission-185,2028-07-12,Moon,Proxima b,Mining,29.69,16.4,0.887047619047619,38.5,49,100.0,0.5876945289908689,87.56,SLS,2028,7,Medium,0.08037242703853702,0.029612594483994795,High
MSN-0186,Mission-186,2028-07-19,Star,Betelgeuse,Mining,29.05,16.4,0.7954666666666667,19.2,76,100.0,0.577347646454183,83.23,Starship,2028,7,Medium,0.04455376618554787,0.028649517574205453,High
MSN-0187,Mission-187,2028-07-26,Exoplanet,Proxima b,Mining,4.67,6.9,0.2044,42.4,71,81.1,0.10048114803601212,23.24,Falcon Heavy,2028,7,Medium,0.35148802122191825,0.04464766003227542,High
MSN-0188,Mission-188,2028-08-02,Planet,Proxima b,Research,43.89,23.0,0.3678095238095238,34.3,3,82.6,0.8868102244957545,40.53,Ariane 6,2028,8,Medium,0.1661660691793431,0.009102567269836208,High
MSN-0189,Mission-189,2028-08-09,Planet,Titan,Exploration,13.35,10.7,0.38358095238095236,85.8,10,100.0,0.2622516768189036,41.56,SLS,2028,8,Medium,0.39962738705170003,0.03126081266077957,High
MSN-0190,Mission-190,2028-08-16,Asteroid,Ceres,Mining,6.56,6.2,0.9625523809523808,38.2,98,100.0,0.12369264119475097,97.84,Starship,2028,8,Medium,0.07365133227933522,0.15369390031260308,High
MSN-0191,Mission-191,2028-08-23,Moon,Proxima b,Exploration,44.45,25.0,0.24331428571428573,81.0,89,78.9,0.8847324488955193,18.91,SLS,2028,8,Medium,0.5742237345810294,0.004256899734365855,Medium
MSN-0192,Mission-192,2028-08-30,Exoplanet,Titan,Exploration,47.79,24.9,0.785942857142857,90.3,35,100.0,0.9554648098005415,80.12,Ariane 6,2028,8,Medium,0.2120016903789266,0.016705936320607188,High
MSN-0193,Mission-193,2028-09-06,Star,Europa,Research,43.12,25.8,0.3798666666666667,49.0,80,97.7,0.8676082983037832,34.09,Starship,2028,9,Medium,0.23031727379553465,0.007824963216475347,High
MSN-0194,Mission-194,2028-09-13,Moon,Ceres,Mining,40.49,22.7,0.7168190476190476,91.9,2,100.0,0.8061429365628512,73.36,Falcon Heavy,2028,9,Medium,0.23585268831002185,0.018117114202523456,High
MSN-0195,Mission-195,2028-09-20,Star,Proxima b,Mining,32.8,19.6,0.44819047619047625,44.0,24,88.7,0.658504881472801,42.58,Starship,2028,9,Medium,0.17697691255731637,0.012860396141277099,High
MSN-0196,Mission-196,2028-09-27,Asteroid,Io,Exploration,27.59,17.5,0.5996952380952381,96.8,74,100.0,0.5645110328084567,58.26,SLS,2028,9,Medium,0.2949780594831789,0.020507441251425593,High
MSN-0197,Mission-197,2028-10-04,Asteroid,Mars,Colonization,4.44,6.0,0.7873333333333333,18.0,38,100.0,0.08899238882200723,83.43,SLS,2028,10,Medium,0.04218717041273115,0.1801671453559937,High
MSN-0198,Mission-198,2028-10-11,Planet,Europa,Research,20.48,15.1,0.7779619047619047,71.8,22,100.0,0.4090598215392738,80.61,SLS,2028,10,Medium,0.17024303497332544,0.03906318146134388,High
MSN-0199,Mission-199,2028-10-18,Exoplanet,Europa,Research,18.7,12.5,0.8624952380952381,54.4,26,100.0,0.3551596427585821,86.78,SLS,2028,10,Medium,0.11670564005749469,0.04837100415261559,High
MSN-0200,Mission-200,2028-10-25,Star,Titan,Research,13.06,9.1,0.048838095238095236,44.9,43,85.9,0.23125502445735863,6.9,Falcon Heavy,2028,10,Medium,1.1524640657084189,0.005875040444118999,High
MSN-0201,Mission-201,2028-11-01,Moon,Europa,Research,36.2,22.9,0.6722857142857143,66.9,55,100.0,0.7241937870709964,69.51,Starship,2028,11,Medium,0.18265214186256043,0.019099197124816593,High
MSN-0202,Mission-202,2028-11-08,Asteroid,Ceres,Mining,24.84,16.0,0.1679809523809524,73.3,39,76.7,0.4921868438208674,14.86,Falcon Heavy,2028,11,Medium,0.7220963451876662,0.005993723933754426,Medium
MSN-0203,Mission-203,2028-11-15,Planet,Proxima b,Mining,4.14,4.3,0.4711428571428572,10.4,91,100.0,0.0740320045435093,42.17,Falcon Heavy,2028,11,Medium,0.03989718801549852,0.10861278524699944,High
MSN-0204,Mission-204,2028-11-22,Planet,Proxima b,Colonization,11.09,7.1,0.5475809523809524,25.0,29,100.0,0.2206001751810805,55.31,Falcon Heavy,2028,11,Medium,0.08311170212765957,0.04933195383435309,High
MSN-0205,Mission-205,2028-11-29,Star,Io,Research,34.19,21.5,0.4419428571428572,74.2,20,97.0,0.6795106128538118,40.87,SLS,2028,11,Medium,0.30243743376538684,0.011964355763207044,High
MSN-0206,Mission-206,2028-12-06,Asteroid,Mars,Research,3.9,4.4,0.5162857142857142,70.0,91,90.0,0.08565674907110032,52.44,SLS,2028,12,Medium,0.24615817420965644,0.11747574990479177,High
MSN-0207,Mission-207,2028-12-13,Exoplanet,Titan,Exploration,42.58,24.9,1.0,96.9,41,100.0,0.8487583340999173,99.66,SLS,2028,12,Medium,0.180004458314757,0.023381687394863345,High
MSN-0208,Mission-208,2028-12-20,Asteroid,Mars,Mining,24.81,15.3,0.16916190476190476,78.5,54,76.1,0.4850656129138054,14.39,Starship,2028,12,Medium,0.7686282189366495,0.0058887320197245924,Medium
MSN-0209,Mission-209,2028-12-27,Star,Europa,Research,24.08,13.8,0.7056571428571429,95.6,20,100.0,0.4878373135701345,67.87,Ariane 6,2028,12,Medium,0.24909455691914847,0.027617385076764693,High
MSN-0210,Mission-210,2029-01-03,Star,Io,Colonization,29.66,18.2,0.39775238095238097,73.2,19,97.6,0.5873525659228803,40.2,SLS,2029,1,Medium,0.3295219231115513,0.013603416420203443,High
MSN-0211,Mission-211,2029-01-10,Asteroid,Mars,Colonization,41.25,21.9,0.16788571428571428,36.8,84,69.8,0.826564731009051,14.17,Starship,2029,1,Medium,0.36270451409422433,0.0034133639098794842,Medium
MSN-0212,Mission-212,2029-01-17,Star,Ceres,Mining,17.46,11.4,0.19447619047619047,19.5,99,81.4,0.34077719606282525,16.71,SLS,2029,1,Medium,0.16894818922197194,0.009703100230528474,High
MSN-0213,Mission-213,2029-01-24,Asteroid,Proxima b,Colonization,33.93,20.2,0.9200571428571429,80.4,66,100.0,0.6684178108764254,94.98,SLS,2029,1,Medium,0.16198247204593533,0.02826356713713097,High
MSN-0214,Mission-214,2029-01-31,Moon,Europa,Colonization,28.33,16.9,0.8288571428571428,68.0,30,100.0,0.5637691129358029,88.08,Falcon Heavy,2029,1,Medium,0.15162664169286685,0.031044582530020688,High
MSN-0215,Mission-215,2029-02-07,Asteroid,Io,Mining,13.42,10.7,0.8500190476190476,14.3,53,100.0,0.2648873921616466,90.8,Falcon Heavy,2029,2,Medium,0.031115366203925326,0.06762795686110945,High
MSN-0216,Mission-216,2029-02-14,Asteroid,Mars,Research,43.94,26.3,0.9224761904761904,42.4,34,100.0,0.8798909717750483,99.16,Falcon Heavy,2029,2,Medium,0.08520557855391664,0.022444595845622105,High
MSN-0217,Mission-217,2029-02-21,Star,Titan,Research,39.89,24.0,0.26396190476190473,96.1,22,86.9,0.7914165270150824,21.62,Starship,2029,2,Medium,0.6326530612244897,0.005438213891341368,High
MSN-0218,Mission-218,2029-02-28,Star,Ceres,Colonization,32.96,17.6,0.3432761904761905,55.0,67,88.0,0.637155187239778,36.19,Ariane 6,2029,2,Medium,0.28417898108918055,0.01129462140079521,High
MSN-0219,Mission-219,2029-03-07,Planet,Ceres,Colonization,42.54,23.0,0.6367428571428572,48.9,6,98.7,0.8427689809500574,67.25,Ariane 6,2029,3,Medium,0.14067489427807023,0.015889480100936593,High
MSN-0220,Mission-220,2029-03-14,Planet,Mars,Research,43.38,24.8,0.5109523809523809,51.2,79,92.5,0.8718318421610466,48.9,Starship,2029,3,Medium,0.18183755371666016,0.011170274733935021,High
MSN-0221,Mission-221,2029-03-21,Moon,Proxima b,Mining,35.45,22.5,0.4104,28.8,27,96.4,0.7023381474800722,42.42,SLS,2029,3,Medium,0.12588512981904013,0.012016554631132565,High
MSN-0222,Mission-222,2029-03-28,Planet,Mars,Colonization,41.87,25.3,0.3706285714285714,43.2,10,90.9,0.8312342267035161,36.42,Starship,2029,3,Medium,0.2077922077922078,0.008724021960964673,High
MSN-0223,Mission-223,2029-04-04,Asteroid,Europa,Exploration,34.9,21.8,0.5610285714285714,43.3,73,100.0,0.7041759489975083,59.78,SLS,2029,4,Medium,0.14064834665107515,0.016890250104539855,High
MSN-0224,Mission-224,2029-04-11,Star,Mars,Mining,34.04,19.2,0.6183047619047619,14.7,97,100.0,0.6699956404708292,57.98,Starship,2029,4,Medium,0.04350013316367295,0.017212920080750503,High
MSN-0225,Mission-225,2029-04-18,Planet,Ceres,Colonization,30.97,18.2,0.21773333333333333,79.1,96,81.2,0.6002951681218429,16.98,Starship,2029,4,Medium,0.6197602444566325,0.005622777214837774,High
MSN-0226,Mission-226,2029-04-25,Planet,Io,Colonization,37.66,21.7,0.511447619047619,47.5,48,100.0,0.7479012266675199,47.7,Starship,2029,4,Medium,0.16854131923499982,0.012693023094915608,High
MSN-0227,Mission-227,2029-05-02,Moon,Mars,Exploration,8.01,5.6,0.5458285714285714,84.0,70,98.3,0.1517296132017742,55.79,Ariane 6,2029,5,Medium,0.2801120448179272,0.07182121294043435,High
MSN-0228,Mission-228,2029-05-09,Moon,Proxima b,Exploration,44.06,23.2,0.5949333333333333,86.5,59,95.9,0.8678322741143956,57.46,Falcon Heavy,2029,5,Medium,0.2656144445126819,0.013185885182286947,High
MSN-0229,Mission-229,2029-05-16,Asteroid,Io,Research,43.6,26.6,0.19758095238095238,29.1,59,85.4,0.8665404136353273,21.8,Starship,2029,5,Medium,0.24861170439982916,0.005010077610238944,High
MSN-0230,Mission-230,2029-05-23,Star,Titan,Mining,1.56,2.7,0.6866666666666666,69.2,2,100.0,0.03250048994708572,74.48,Ariane 6,2029,5,Medium,0.1851158311486812,0.4124487761656883,High
MSN-0231,Mission-231,2029-05-30,Moon,Betelgeuse,Mining,41.31,22.6,0.011638095238095239,52.5,29,72.1,0.8224071800245574,3.49,Falcon Heavy,2029,5,Medium,2.7020072053525475,0.0008449258450468946,Medium
MSN-0232,Mission-232,2029-06-06,Planet,Mars,Research,6.53,4.6,0.3753714285714286,89.2,68,99.1,0.1300439552528327,36.13,Falcon Heavy,2029,6,Medium,0.42397452350396886,0.05405850228173861,High
MSN-0233,Mission-233,2029-06-13,Star,Proxima b,Mining,16.82,13.1,0.7641714285714285,29.4,65,100.0,0.35088410451671226,78.24,Starship,2029,6,Medium,0.07092711876673663,0.044136810573880074,High
MSN-0234,Mission-234,2029-06-20,Star,Io,Mining,37.2,21.9,0.5661142857142857,71.0,83,100.0,0.7368804169149732,56.83,SLS,2029,6,Medium,0.2286413551025666,0.015347596182410352,High
MSN-0235,Mission-235,2029-06-27,Planet,Proxima b,Mining,8.12,7.7,0.23304761904761903,64.7,26,77.7,0.16155455210837227,26.86,SLS,2029,6,Medium,0.47689245964472626,0.03252130956993413,Medium
MSN-0236,Mission-236,2029-07-04,Moon,Titan,Mining,40.92,25.1,0.6807428571428571,36.6,89,100.0,0.8096085622752742,69.8,SLS,2029,7,Medium,0.09872946508052118,0.01716446905723293,High
MSN-0237,Mission-237,2029-07-11,Planet,Ceres,Mining,41.62,23.2,0.5880380952380952,22.3,10,100.0,0.820235414575226,57.17,Starship,2029,7,Medium,0.0692460563905105,0.013877291440111853,High
MSN-0238,Mission-238,2029-07-18,Star,Proxima b,Exploration,25.42,16.2,0.7781333333333332,68.6,53,100.0,0.4988841205149844,79.83,SLS,2029,7,Medium,0.16262089891902143,0.03176997313700129,High
MSN-0239,Mission-239,2029-07-25,Exoplanet,Io,Mining,0.42,1.4,0.747447619047619,76.5,79,100.0,0.0,73.77,Ariane 6,2029,7,Near,0.18854903507258522,4.084717607973422,High
MSN-0240,Mission-240,2029-08-01,Exoplanet,Proxima b,Exploration,14.42,9.0,0.583047619047619,38.4,59,100.0,0.28835085810732447,61.4,Ariane 6,2029,8,Medium,0.1202178949345689,0.04205565867791804,High
MSN-0241,Mission-241,2029-08-08,Asteroid,Proxima b,Mining,30.88,19.8,0.5222285714285714,68.0,22,99.0,0.6374091598107404,49.33,Ariane 6,2029,8,Medium,0.236529966259696,0.015389414902743766,High
MSN-0242,Mission-242,2029-08-15,Planet,Proxima b,Research,49.06,28.6,0.16659047619047618,45.6,51,85.3,0.9703232050938498,14.19,Ariane 6,2029,8,Medium,0.45247072831911095,0.002913638043612172,High
MSN-0243,Mission-243,2029-08-22,Planet,Europa,Colonization,31.63,18.2,0.25211428571428574,74.2,48,86.2,0.6247545265111368,26.87,Falcon Heavy,2029,8,Medium,0.5093355299286106,0.008551415104847923,High
MSN-0244,Mission-244,2029-08-29,Asteroid,Europa,Exploration,13.06,9.0,0.40329523809523815,27.9,21,99.9,0.2569282517488111,42.49,Ariane 6,2029,8,Medium,0.12397245056654076,0.0326133677197507,High
MSN-0245,Mission-245,2029-09-05,Asteroid,Ceres,Mining,31.74,19.0,0.6097142857142858,90.1,22,98.4,0.6350774116395429,60.33,SLS,2029,9,Medium,0.27022974026753044,0.01888978298510547,High
MSN-0246,Mission-246,2029-09-12,Asteroid,Mars,Research,27.05,14.5,0.5479047619047619,35.9,98,100.0,0.5399656837061597,51.86,Starship,2029,9,Medium,0.11928099146094294,0.019078942527720754,High
MSN-0247,Mission-247,2029-09-19,Star,Proxima b,Colonization,39.01,21.5,0.2965714285714286,43.1,30,87.3,0.7893427509828939,29.53,SLS,2029,9,Medium,0.25499940835404095,0.007447291435488753,High
MSN-0248,Mission-248,2029-09-26,Planet,Titan,Exploration,5.44,4.6,0.016266666666666665,15.2,25,66.8,0.08091526115179562,1.64,Ariane 6,2029,9,Medium,0.6953339432753888,0.0038800037853695462,Medium
MSN-0249,Mission-249,2029-10-03,Star,Mars,Colonization,38.08,21.0,0.5348761904761904,20.0,28,100.0,0.7340387238178278,50.13,Falcon Heavy,2029,10,Medium,0.06799714411994696,0.013590337928510431,High
MSN-0250,Mission-250,2029-10-10,Asteroid,Titan,Research,27.11,17.8,0.31784761904761905,56.4,65,99.6,0.5335723741835882,29.28,Ariane 6,2029,10,Medium,0.31300294133969697,0.010900115776502954,High
MSN-0251,Mission-251,2029-10-17,Planet,Mars,Exploration,48.15,26.2,0.7205523809523809,34.1,45,100.0,0.9702572122210801,73.73,Starship,2029,10,Medium,0.0870764280789561,0.015140034538909664,High
MSN-0252,Mission-252,2029-10-24,Star,Ceres,Colonization,17.16,10.3,0.054171428571428565,85.2,68,76.7,0.32389701912193486,3.37,SLS,2029,10,Medium,2.0402298850574714,0.0020577388076105808,Medium
MSN-0253,Mission-253,2029-10-31,Star,Proxima b,Mining,31.67,18.9,0.5565523809523809,11.3,7,100.0,0.5996472380982854,58.9,Starship,2029,10,Medium,0.03698733265686885,0.019525163925187793,High
MSN-0254,Mission-254,2029-11-07,Asteroid,Proxima b,Exploration,46.61,27.8,0.9322666666666666,44.1,49,100.0,0.9341991064964985,94.21,Starship,2029,11,Medium,0.08771580873577851,0.02008930475353764,High
MSN-0255,Mission-255,2029-11-14,Planet,Betelgeuse,Colonization,5.22,4.6,0.18401904761904764,40.4,9,71.9,0.10321285301187472,18.27,Starship,2029,11,Medium,0.3675065951059765,0.03420195439739414,Medium
MSN-0256,Mission-256,2029-11-21,Asteroid,Titan,Research,46.87,24.7,0.5236571428571428,11.7,36,95.3,0.9227863390753799,47.69,SLS,2029,11,Medium,0.04059117402164862,0.010294679535195975,High
MSN-0257,Mission-257,2029-11-28,Planet,Mars,Research,34.43,19.6,0.11706666666666668,21.2,83,70.5,0.6750590936178892,10.05,Ariane 6,2029,11,Medium,0.283498261567264,0.0029613521445493443,Medium
MSN-0258,Mission-258,2029-12-05,Exoplanet,Mars,Exploration,3.49,5.7,0.6213142857142857,47.2,1,100.0,0.05648389973882821,62.94,Starship,2029,12,Medium,0.13902388736708787,0.2094439452930019,High
MSN-0259,Mission-259,2029-12-12,Moon,Europa,Colonization,15.12,10.8,0.5579238095238095,54.4,10,100.0,0.2998616149455859,55.5,SLS,2029,12,Medium,0.17764425431864936,0.0365725883508069,High
MSN-0260,Mission-260,2029-12-19,Moon,Betelgeuse,Exploration,35.44,22.0,0.45571428571428574,46.4,36,93.5,0.6988485243593692,41.33,Falcon Heavy,2029,12,Medium,0.18371144633171002,0.01176594509035836,High
MSN-0261,Mission-261,2029-12-26,Moon,Io,Exploration,3.46,6.6,0.5524190476190476,57.8,73,100.0,0.07052038379854976,52.62,SLS,2029,12,Medium,0.1905452627414782,0.1419476665767467,High
MSN-0262,Mission-262,2030-01-02,Asteroid,Io,Colonization,29.15,18.7,0.8735047619047619,63.6,46,100.0,0.5507825154883272,89.76,Falcon Heavy,2030,1,Medium,0.13477146065987158,0.0323777986992609,High
MSN-0263,Mission-263,2030-01-09,Exoplanet,Europa,Colonization,17.36,12.1,0.2381904761904762,10.9,32,80.0,0.33498382174725133,20.43,SLS,2030,1,Medium,0.078774300787743,0.012066195752321103,High
MSN-0264,Mission-264,2030-01-16,Planet,Europa,Mining,31.08,18.5,0.062019047619047626,51.8,32,74.9,0.6066624804521111,3.23,Ariane 6,2030,1,Medium,1.129032258064516,0.0010584264508306845,Medium
MSN-0265,Mission-265,2030-01-23,Star,Europa,Colonization,2.38,2.4,0.8443999999999999,96.7,6,100.0,0.04141952669111736,86.3,Starship,2030,1,Medium,0.21176882815408538,0.38324895639044315,High
MSN-0266,Mission-266,2030-01-30,Planet,Titan,Research,43.59,26.7,0.5480952380952381,56.7,48,100.0,0.8627148267987058,58.13,Ariane 6,2030,1,Medium,0.18832829574517557,0.013418434477505136,High
MSN-0267,Mission-267,2030-02-06,Star,Titan,Exploration,48.68,26.9,0.8691619047619047,71.0,38,100.0,0.9778603910777637,89.18,SLS,2030,2,Medium,0.15118284607031068,0.018170741398034592,High
MSN-0268,Mission-268,2030-02-13,Planet,Ceres,Exploration,48.45,25.8,0.5718666666666666,38.1,17,100.0,0.9466917572902126,60.1,Starship,2030,2,Medium,0.12151172061872109,0.012647226553704418,High
MSN-0269,Mission-269,2030-02-20,Exoplanet,Ceres,Research,37.51,22.4,0.835352380952381,79.7,74,100.0,0.7469613281765569,81.21,Falcon Heavy,2030,2,Medium,0.17637425865273967,0.021637132420529295,High
MSN-0270,Mission-270,2030-02-27,Star,Europa,Colonization,6.59,5.4,0.42249523809523803,79.6,27,94.5,0.1337575541841481,43.54,SLS,2030,2,Medium,0.33853612894994256,0.06338438246083969,High
MSN-0271,Mission-271,2030-03-06,Asteroid,Betelgeuse,Research,37.94,22.3,0.7819809523809523,56.9,54,100.0,0.773670443592092,75.24,Starship,2030,3,Medium,0.1342424385410277,0.019357677078750548,High
MSN-0272,Mission-272,2030-03-13,Planet,Mars,Research,1.33,4.0,0.8966666666666666,97.8,50,100.0,0.018168037851911994,91.39,Falcon Heavy,2030,3,Medium,0.20203689549032164,0.839133229271876,High
MSN-0273,Mission-273,2030-03-20,Planet,Titan,Mining,1.2,3.4,0.5844380952380952,21.3,35,96.6,0.023629448019613884,57.64,Falcon Heavy,2030,3,Medium,0.06653131344682181,0.4231390397885773,High
MSN-0274,Mission-274,2030-03-27,Star,Betelgeuse,Research,16.25,12.5,0.2072,11.5,85,82.6,0.3033172417378923,18.9,Ariane 6,2030,3,Medium,0.09418509418509419,0.01231422781973013,High
MSN-0275,Mission-275,2030-04-03,Asteroid,Proxima b,Exploration,24.48,14.3,0.25156190476190476,79.3,25,82.1,0.46201810204497923,27.61,SLS,2030,4,Medium,0.5454295343558705,0.011857928191032468,High
MSN-0276,Mission-276,2030-04-10,Asteroid,Titan,Research,38.54,22.1,0.20847619047619045,82.6,28,95.0,0.7755522403580413,20.67,Falcon Heavy,2030,4,Medium,0.6728028019874562,0.005305114674660699,High
MSN-0277,Mission-277,2030-04-17,Exoplanet,Titan,Exploration,34.2,20.3,0.22807619047619046,20.8,15,83.1,0.6802585320785355,25.44,Starship,2030,4,Medium,0.15632045693672028,0.007439205548992316,High
MSN-0278,Mission-278,2030-04-24,Asteroid,Ceres,Exploration,22.35,14.8,0.3331428571428572,33.9,4,81.8,0.4551248465165762,31.34,Falcon Heavy,2030,4,Medium,0.18010838380618424,0.013662143134271753,High
MSN-0279,Mission-279,2030-05-01,Asteroid,Mars,Exploration,13.75,11.0,0.5511999999999999,11.6,93,99.6,0.25762617637295177,55.96,Falcon Heavy,2030,5,Medium,0.0383217707300958,0.04283756784273499,High
MSN-0280,Mission-280,2030-05-08,Asteroid,Mars,Colonization,49.86,27.5,0.6130476190476191,36.4,73,100.0,0.9986801425446052,59.21,Ariane 6,2030,5,Medium,0.10860160515559268,0.01181364724660814,High
MSN-0281,Mission-281,2030-05-15,Moon,Io,Mining,21.37,14.3,0.4087238095238095,79.6,27,100.0,0.4424282177524828,43.22,Ariane 6,2030,5,Medium,0.3492759982448442,0.019377342587112857,High
MSN-0282,Mission-282,2030-05-22,Exoplanet,Io,Exploration,22.62,12.9,0.581695238095238,56.6,26,98.9,0.4529370827950581,61.93,Starship,2030,5,Medium,0.1775909133695209,0.0271267066434807,High
MSN-0283,Mission-283,2030-05-29,Planet,Io,Exploration,8.26,8.9,0.10093333333333335,41.3,19,68.7,0.16433625168481808,9.08,Ariane 6,2030,5,Medium,0.6228321520132709,0.010811711894073801,Medium
MSN-0284,Mission-284,2030-06-05,Star,Io,Colonization,39.76,22.4,0.15529523809523807,43.5,92,83.6,0.7915885084410883,9.69,Falcon Heavy,2030,6,Medium,0.45861887190300477,0.002436859192793536,High
MSN-0285,Mission-285,2030-06-12,Planet,Proxima b,Exploration,34.71,21.3,0.21436190476190475,10.1,17,75.7,0.6748071208309503,18.01,Falcon Heavy,2030,6,Medium,0.08024789448593675,0.0053088319390648675,Medium
MSN-0286,Mission-286,2030-06-19,Exoplanet,Proxima b,Research,11.12,6.6,0.5136380952380952,37.0,43,96.1,0.2323189095577678,52.29,Ariane 6,2030,6,Medium,0.1307512898438052,0.04432182271270915,High
MSN-0287,Mission-287,2030-06-26,Star,Titan,Research,4.21,3.9,0.23615238095238097,68.2,41,82.4,0.07447195702864091,22.19,Falcon Heavy,2030,6,Medium,0.49672250546249086,0.05683040516314092,High
MSN-0288,Mission-288,2030-07-03,Exoplanet,Europa,Mining,34.06,20.0,0.26106666666666667,97.7,42,84.7,0.6825582837053598,29.05,Falcon Heavy,2030,7,Medium,0.6496874584386222,0.008466376390904693,High
MSN-0289,Mission-289,2030-07-10,Asteroid,Ceres,Exploration,32.76,20.9,0.45537142857142854,86.2,50,98.7,0.635889323953013,40.63,Starship,2030,7,Medium,0.3415349261064226,0.012705411448316838,High
MSN-0290,Mission-290,2030-07-17,Star,Ceres,Colonization,13.74,10.0,0.8136761904761904,12.1,84,100.0,0.25936598847324493,81.37,Ariane 6,2030,7,Medium,0.027468785471055617,0.061876915355543224,High
MSN-0291,Mission-291,2030-07-24,Asteroid,Io,Research,47.55,28.5,0.02573333333333333,90.9,40,71.3,0.9616341435125006,2.37,Falcon Heavy,2030,7,Medium,3.3879985091315694,0.0004910136220023825,Medium
MSN-0292,Mission-292,2030-07-31,Planet,Titan,Colonization,7.64,6.8,0.6530095238095237,80.5,39,100.0,0.14569826458742458,65.29,Ariane 6,2030,7,Medium,0.22602835883756844,0.08744625852162384,High
MSN-0293,Mission-293,2030-08-07,Planet,Betelgeuse,Colonization,21.67,13.8,0.6269333333333332,80.2,23,100.0,0.44427201862198884,67.22,Starship,2030,8,Medium,0.23418793435729723,0.03001348418956449,High
MSN-0294,Mission-294,2030-08-14,Star,Europa,Research,47.19,25.1,0.8292571428571428,51.2,96,100.0,0.9393045551080483,80.07,Ariane 6,2030,8,Medium,0.11411250780065972,0.01698164828242939,High
MSN-0295,Mission-295,2030-08-21,Star,Titan,Colonization,21.04,14.7,0.8817904761904761,45.8,52,100.0,0.39872693749075105,93.34,Falcon Heavy,2030,8,Medium,0.09616595976987359,0.04639372536544875,High
MSN-0296,Mission-296,2030-08-28,Exoplanet,Europa,Research,31.96,18.0,0.06548571428571429,37.3,47,79.0,0.6444384006527295,2.99,Ariane 6,2030,8,Medium,0.7819706498951781,0.0009226686416095786,Medium
MSN-0297,Mission-297,2030-09-04,Exoplanet,Europa,Colonization,19.94,14.6,0.15392380952380952,15.9,63,81.4,0.38924796122018823,16.22,Falcon Heavy,2030,9,Medium,0.1689153298629555,0.008256511801925161,High
MSN-0298,Mission-298,2030-09-11,Asteroid,Europa,Research,13.78,11.5,0.888552380952381,30.5,97,100.0,0.27894387406160137,88.73,Falcon Heavy,2030,9,Medium,0.06356682853629561,0.06279858167071263,High
MSN-0299,Mission-299,2030-09-18,Star,Titan,Exploration,49.2,29.4,0.4908380952380952,32.2,69,89.2,0.9805341023169498,46.39,Falcon Heavy,2030,9,Medium,0.1188148038817756,0.009426447698353673,High
MSN-0300,Mission-300,2030-09-25,Planet,Io,Mining,20.53,13.3,0.5811999999999999,53.6,43,100.0,0.391513716518616,56.89,Starship,2030,9,Medium,0.16831527712356728,0.02879281723216455,High
MSN-0301,Mission-301,2030-10-02,Exoplanet,Ceres,Research,44.72,26.1,0.6685523809523809,77.3,48,100.0,0.8923336279681795,66.64,Ariane 6,2030,10,Medium,0.2121819329691746,0.014874302767057795,High
MSN-0302,Mission-302,2030-10-09,Exoplanet,Ceres,Research,11.57,9.9,0.7096380952380952,52.6,34,100.0,0.24972302991276946,68.23,Starship,2030,10,Medium,0.13631180677930962,0.053859694824006765,High
MSN-0303,Mission-303,2030-10-16,Planet,Io,Mining,10.73,6.9,0.8718666666666667,15.2,40,100.0,0.2158946833741956,93.24,Ariane 6,2030,10,Medium,0.032268336694618406,0.08494511000774381,High
MSN-0304,Mission-304,2030-10-23,Exoplanet,Europa,Research,1.65,4.2,0.9569333333333334,96.2,75,100.0,0.028808888640026883,99.7,Starship,2030,10,Medium,0.18653894630703302,0.6149765605724155,High
MSN-0305,Mission-305,2030-10-30,Asteroid,Betelgeuse,Research,32.62,17.4,0.6882857142857143,94.8,61,100.0,0.6594707771560672,72.3,SLS,2030,10,Medium,0.25302265994074785,0.021804889965226778,High
MSN-0306,Mission-306,2030-11-06,Star,Mars,Colonization,18.49,12.2,0.34902857142857147,80.7,50,92.3,0.36825422854331735,29.43,Falcon Heavy,2030,11,Medium,0.41056166056166055,0.01582657983468941,High
MSN-0307,Mission-307,2030-11-13,Planet,Titan,Mining,43.23,23.2,0.8519238095238094,99.2,67,100.0,0.8629907969939246,88.1,Falcon Heavy,2030,11,Medium,0.21538060706066264,0.020330081135715408,High
MSN-0308,Mission-308,2030-11-20,Star,Mars,Exploration,23.71,13.6,0.10081904761904761,59.0,62,74.6,0.45962236078503527,5.87,Starship,2030,11,Medium,0.8905660377358491,0.00253408276564699,Medium
MSN-0309,Mission-309,2030-11-27,Exoplanet,Io,Research,48.41,26.7,0.2678666666666667,96.6,58,89.9,0.9668215832690069,23.88,SLS,2030,11,Medium,0.6274764533939591,0.004920981970824429,High
MSN-0310,Mission-310,2030-12-04,Exoplanet,Betelgeuse,Mining,9.36,7.4,0.8519428571428571,16.8,33,100.0,0.1939210565258952,89.84,Falcon Heavy,2030,12,Medium,0.03647495603465121,0.09095234720633347,High
MSN-0311,Mission-311,2030-12-11,Planet,Titan,Colonization,43.44,25.2,0.2498857142857143,42.9,75,83.8,0.8567354725689625,26.36,Ariane 6,2030,12,Medium,0.2968652688395267,0.006127097763934731,High
MSN-0312,Mission-312,2030-12-18,Asteroid,Io,Exploration,38.85,20.7,0.2203047619047619,30.3,16,81.8,0.7875469449299476,22.84,Starship,2030,12,Medium,0.23492014265777642,0.005773187537599022,High
MSN-0313,Mission-313,2030-12-25,Moon,Europa,Mining,38.57,22.3,0.15462857142857142,27.6,82,83.2,0.7667871869838058,14.67,Falcon Heavy,2030,12,Medium,0.2920634920634921,0.0038080058976069525,High
MSN-0314,Mission-314,2031-01-01,Planet,Ceres,Exploration,42.25,22.9,0.8179238095238095,22.7,94,100.0,0.832420098629348,86.05,Falcon Heavy,2031,1,Medium,0.05127278476723962,0.020583120645073328,High
MSN-0315,Mission-315,2031-01-08,Moon,Mars,Exploration,38.08,22.3,0.4594095238095238,66.0,48,100.0,0.7678810688445649,50.51,Starship,2031,1,Medium,0.25932183411260856,0.01309268302798428,High
MSN-0316,Mission-316,2031-01-15,Moon,Proxima b,Exploration,31.35,19.2,0.7044190476190476,80.3,10,100.0,0.6204529910769636,67.81,Starship,2031,1,Medium,0.2095839640862348,0.021729377759832857,High
MSN-0317,Mission-317,2031-01-22,Asteroid,Proxima b,Research,6.65,6.6,0.3016,62.0,82,89.8,0.13696920732560885,24.67,Ariane 6,2031,1,Medium,0.3611790749155307,0.03509345927337904,High
MSN-0318,Mission-318,2031-01-29,Moon,Betelgeuse,Research,1.72,4.8,0.7327047619047619,23.2,38,100.0,0.027866990365040575,76.05,Ariane 6,2031,1,Medium,0.05829292193271188,0.48313321898227557,High
MSN-0319,Mission-319,2031-02-05,Moon,Europa,Colonization,46.05,25.4,0.7342285714285715,83.0,19,100.0,0.9166909973722839,76.24,Falcon Heavy,2031,2,Medium,0.20812959201584794,0.016566674127174864,High
MSN-0320,Mission-320,2031-02-12,Asteroid,Mars,Colonization,30.87,19.5,0.28148571428571423,67.2,36,86.1,0.6186571850240173,31.95,Falcon Heavy,2031,2,Medium,0.41713221601489764,0.010267765322912382,High
MSN-0321,Mission-321,2031-02-19,Moon,Europa,Mining,39.85,22.7,0.4367809523809524,44.9,59,94.9,0.7962100093189936,41.66,Starship,2031,2,Medium,0.18505543420022255,0.010416197862754216,High
MSN-0322,Mission-322,2031-02-26,Moon,Mars,Colonization,24.13,15.0,0.2608190476190476,70.7,63,99.6,0.45898242989757104,21.76,Falcon Heavy,2031,2,Medium,0.47054908485856906,0.009406800909554648,High
MSN-0323,Mission-323,2031-03-05,Moon,Betelgeuse,Exploration,5.95,6.6,0.920495238095238,33.4,77,100.0,0.10416475020697766,97.68,Falcon Heavy,2031,3,Medium,0.06726005880220709,0.1812446654544105,High
MSN-0324,Mission-324,2031-03-12,Planet,Betelgeuse,Exploration,6.35,4.2,0.6096190476190476,41.1,46,97.7,0.13266767189143575,64.91,Starship,2031,3,Medium,0.1232864384917659,0.09524997432021952,High
MSN-0325,Mission-325,2031-03-19,Planet,Proxima b,Research,34.31,20.8,0.9409333333333333,92.6,3,100.0,0.6811924312174285,93.52,Falcon Heavy,2031,3,Medium,0.18253139106266383,0.027309973455126313,High
MSN-0326,Mission-326,2031-03-26,Planet,Europa,Exploration,21.57,14.3,0.32967619047619046,36.1,74,78.3,0.422504369528091,31.04,Falcon Heavy,2031,3,Medium,0.1936695278969957,0.014567230302091692,Medium
MSN-0327,Mission-327,2031-04-02,Asteroid,Titan,Mining,10.11,7.3,0.7274857142857143,52.3,65,100.0,0.18498202194163033,78.41,SLS,2031,4,Medium,0.1323213156230234,0.08314335097076568,High
MSN-0328,Mission-328,2031-04-09,Exoplanet,Proxima b,Exploration,24.63,13.7,0.7662476190476191,90.1,91,100.0,0.4781383610570059,76.82,Ariane 6,2031,4,Medium,0.21679499518768044,0.031888618146043386,High
MSN-0329,Mission-329,2031-04-16,Moon,Europa,Exploration,3.3,3.0,0.6669904761904761,73.7,8,100.0,0.04216544613181777,69.47,Starship,2031,4,Medium,0.20275660953533797,0.3034817177056485,High
MSN-0330,Mission-330,2031-04-23,Moon,Proxima b,Mining,29.14,19.3,0.9309523809523809,15.6,51,100.0,0.5781135637351166,96.6,SLS,2031,4,Medium,0.031071364550759855,0.03320797266358192,High
MSN-0331,Mission-331,2031-04-30,Asteroid,Titan,Colonization,13.52,10.5,0.428952380952381,23.3,81,91.3,0.26077583620968936,39.96,Ariane 6,2031,4,Medium,0.09768572866007043,0.030225099842672156,High
MSN-0332,Mission-332,2031-05-07,Moon,Ceres,Colonization,39.9,21.5,0.18499047619047618,10.7,73,80.3,0.784637259176009,13.94,Ariane 6,2031,5,Medium,0.09688518652662079,0.0035365720620955075,High
MSN-0333,Mission-333,2031-05-14,Planet,Ceres,Mining,15.59,10.2,0.6567619047619048,66.8,6,100.0,0.30747279293836266,67.5,Ariane 6,2031,5,Medium,0.1865296548642913,0.043391896322295724,High
MSN-0334,Mission-334,2031-05-21,Exoplanet,Ceres,Research,22.82,14.8,0.7620761904761905,50.3,89,100.0,0.4563787110992013,73.2,SLS,2031,5,Medium,0.12167098038267095,0.031823319711329456,High
MSN-0335,Mission-335,2031-05-28,Star,Ceres,Exploration,0.68,4.7,0.5661904761904761,22.1,39,100.0,0.030916661000611932,57.93,SLS,2031,5,Near,0.07115948095437422,0.33551488474458474,High
MSN-0336,Mission-336,2031-06-04,Moon,Io,Mining,3.72,3.0,0.2530476190476191,96.2,60,78.2,0.05566398828926477,21.47,Ariane 6,2031,6,Medium,0.6581377847711569,0.07243345366215714,Medium
MSN-0337,Mission-337,2031-06-11,Planet,Mars,Exploration,19.69,11.8,0.5068380952380953,57.7,28,95.9,0.4017386122298792,50.94,Falcon Heavy,2031,6,Medium,0.20650656740989942,0.02513110702181088,High
MSN-0338,Mission-338,2031-06-18,Star,Io,Research,24.05,16.6,0.36420952380952376,31.8,97,85.5,0.4870673967211541,31.91,Falcon Heavy,2031,6,Medium,0.15547841392460765,0.013005061826006864,High
MSN-0339,Mission-339,2031-06-25,Exoplanet,Io,Exploration,30.04,16.1,0.4738285714285714,55.1,54,99.0,0.5893343518899959,43.32,SLS,2031,6,Medium,0.21024114774114777,0.014610208934082054,High
MSN-0340,Mission-340,2031-07-02,Star,Io,Mining,14.65,9.1,0.6025904761904761,71.2,37,100.0,0.29138853003875587,64.88,SLS,2031,7,Medium,0.21596699830138316,0.04398166978497247,High
MSN-0341,Mission-341,2031-07-09,Planet,Ceres,Exploration,34.78,22.2,0.7761333333333333,16.9,9,100.0,0.6873377675211078,74.78,SLS,2031,7,Medium,0.0401625513914304,0.021643242492301283,High
MSN-0342,Mission-342,2031-07-16,Star,Titan,Colonization,43.02,25.0,0.2820571428571429,34.7,82,76.9,0.858551276462142,23.99,Ariane 6,2031,7,Medium,0.21499380421313508,0.005564472731996066,Medium
MSN-0343,Mission-343,2031-07-23,Asteroid,Betelgeuse,Research,39.01,21.6,0.4420952380952381,82.6,56,93.9,0.7915945077931583,41.13,Falcon Heavy,2031,7,Medium,0.3365658870507701,0.010343370736785986,High
MSN-0344,Mission-344,2031-07-30,Star,Betelgeuse,Research,2.08,2.3,0.25860952380952384,51.4,59,85.0,0.044039243761673744,27.65,SLS,2031,7,Medium,0.3447581997451204,0.11603995299647472,High
MSN-0345,Mission-345,2031-08-06,Moon,Mars,Research,24.08,13.2,0.24843809523809526,59.2,85,85.5,0.48302183364196666,20.66,SLS,2031,8,Medium,0.4118260869565218,0.008490073682004414,High
MSN-0346,Mission-346,2031-08-13,Moon,Ceres,Mining,5.34,4.6,0.8040761904761904,49.0,2,100.0,0.09887332168125844,78.56,Starship,2031,8,Medium,0.11252468653837322,0.15329378707461755,High
MSN-0347,Mission-347,2031-08-20,Asteroid,Ceres,Research,12.18,10.6,0.8703809523809524,14.0,61,100.0,0.22512368664184268,91.02,Ariane 6,2031,8,Medium,0.02977013205180003,0.07957684909949292,High
MSN-0348,Mission-348,2031-08-27,Planet,Ceres,Colonization,49.33,27.3,0.42398095238095235,24.9,58,95.4,0.9807980738080287,37.65,Starship,2031,8,Medium,0.10554872620914756,0.007648428263227819,High
MSN-0349,Mission-349,2031-09-03,Moon,Proxima b,Mining,7.21,7.5,0.6990857142857142,50.1,60,100.0,0.152637515148364,75.38,Falcon Heavy,2031,9,Medium,0.13172424672661304,0.09647652080426963,High
MSN-0350,Mission-350,2031-09-10,Exoplanet,Europa,Colonization,24.99,17.2,0.8457714285714286,28.8,40,100.0,0.4808640666807985,89.8,Starship,2031,9,Medium,0.06297146605444408,0.03706700128785127,High
MSN-0351,Mission-351,2031-09-17,Moon,Proxima b,Exploration,30.95,18.1,0.8340380952380952,14.5,36,100.0,0.6047726845500686,84.77,Starship,2031,9,Medium,0.03213723708415524,0.027864245213246774,High
MSN-0352,Mission-352,2031-09-24,Moon,Europa,Exploration,35.15,19.3,0.21217142857142857,85.9,37,83.5,0.700574337971499,19.1,Starship,2031,9,Medium,0.6887980113864166,0.005424117728913388,High
MSN-0353,Mission-353,2031-10-01,Planet,Ceres,Exploration,28.03,17.1,0.9478857142857142,98.3,79,100.0,0.5470829150451751,95.67,Ariane 6,2031,10,Medium,0.19238296539846564,0.03474146352091859,High
MSN-0354,Mission-354,2031-10-08,Star,Ceres,Exploration,0.59,4.9,0.3427809523809524,81.4,92,98.0,0.0002619717070556386,38.29,Falcon Heavy,2031,10,Near,0.42115066225165565,1.976768198244708,High
MSN-0355,Mission-355,2031-10-15,Moon,Proxima b,Colonization,16.39,12.4,0.3955047619047619,86.8,18,88.9,0.31991744891551716,34.58,Starship,2031,10,Medium,0.392831281679942,0.02137444215054827,High
MSN-0356,Mission-356,2031-10-22,Asteroid,Proxima b,Mining,25.93,14.2,0.04906666666666666,31.8,98,73.7,0.501277861990905,7.18,Ariane 6,2031,10,Medium,0.8137154554759468,0.002843879717354796,Medium
MSN-0357,Mission-357,2031-10-29,Star,Europa,Mining,4.48,6.0,0.4577904761904762,96.5,63,98.1,0.07623776632123731,49.13,Falcon Heavy,2031,10,Medium,0.3804304975163605,0.12304340203861855,High
MSN-0358,Mission-358,2031-11-05,Exoplanet,Betelgeuse,Research,17.6,12.1,0.09013333333333333,27.7,22,73.1,0.3553836185691946,11.79,SLS,2031,11,Medium,0.4567941952506596,0.006567623122044151,Medium
MSN-0359,Mission-359,2031-11-12,Planet,Europa,Colonization,1.76,5.5,0.273352380952381,95.6,11,76.5,0.018512000703923975,25.61,Starship,2031,11,Medium,0.609577249250781,0.23149236192714454,Medium
MSN-0360,Mission-360,2031-11-19,Exoplanet,Proxima b,Exploration,4.02,3.5,0.37192380952380955,99.5,58,88.7,0.06080343322921125,32.38,Falcon Heavy,2031,11,Medium,0.47703519033464375,0.10052466548694546,High
MSN-0361,Mission-361,2031-11-26,Star,Titan,Colonization,19.91,13.1,0.8107809523809524,74.1,57,100.0,0.3882460694245022,81.07,Starship,2031,11,Medium,0.1688004009294273,0.04137279918346517,High
MSN-0362,Mission-362,2031-12-03,Star,Proxima b,Research,6.72,7.9,0.8882666666666666,98.3,77,100.0,0.13809308594671776,87.67,SLS,2031,12,Medium,0.20493683025476378,0.12372283375670336,High
MSN-0363,Mission-363,2031-12-10,Star,Titan,Research,28.42,16.9,0.27243809523809526,61.3,4,81.4,0.5627572222200002,30.94,Falcon Heavy,2031,12,Medium,0.3920690757914934,0.010924562611443603,High
MSN-0364,Mission-364,2031-12-17,Exoplanet,Mars,Colonization,34.5,20.2,0.8462666666666666,33.4,86,100.0,0.68166837981498,86.01,Ariane 6,2031,12,Medium,0.07298791547387513,0.025099437662872037,High
MSN-0365,Mission-365,2031-12-24,Star,Proxima b,Colonization,40.05,21.3,0.8372380952380952,49.3,7,100.0,0.7977458434489075,85.87,Falcon Heavy,2031,12,Medium,0.10886126261399517,0.02142882097813447,High
MSN-0366,Mission-366,2031-12-31,Exoplanet,Mars,Colonization,10.09,7.2,0.7535809523809524,63.4,61,100.0,0.1807104832678071,76.7,Ariane 6,2031,12,Medium,0.1550311774055508,0.08321489405561402,High
MSN-0367,Mission-367,2032-01-07,Star,Betelgeuse,Mining,8.46,6.5,0.13108571428571428,16.6,54,79.0,0.1705175841009171,15.52,Falcon Heavy,2032,1,Medium,0.20209398587776967,0.017823919884236396,Medium
MSN-0368,Mission-368,2032-01-14,Asteroid,Europa,Exploration,5.32,7.4,0.7008,66.0,88,100.0,0.10661048606750471,69.34,Ariane 6,2032,1,Medium,0.17311929493232608,0.12580510550283944,High
MSN-0369,Mission-369,2032-01-21,Star,Titan,Colonization,31.86,18.1,0.9240761904761904,98.3,68,100.0,0.6294260219896252,94.56,SLS,2032,1,Medium,0.19720739878826787,0.029871775026614814,High
MSN-0370,Mission-370,2032-01-28,Exoplanet,Europa,Colonization,35.35,20.5,0.7009904761904762,27.1,92,100.0,0.7133709559367589,68.57,SLS,2032,1,Medium,0.07106519116798658,0.019125317267732124,High
MSN-0371,Mission-371,2032-02-04,Moon,Mars,Colonization,1.68,4.5,0.34401904761904767,81.3,79,95.2,0.018711979106256525,33.83,SLS,2032,2,Medium,0.4192234311349456,0.3030547343903968,High
MSN-0372,Mission-372,2032-02-11,Star,Titan,Research,46.82,25.1,0.472,91.7,1,93.6,0.94396605166642,50.56,Falcon Heavy,2032,2,Medium,0.3511795343137255,0.010670268445044742,High
MSN-0373,Mission-373,2032-02-18,Moon,Europa,Research,2.69,4.3,0.6554095238095238,94.9,55,100.0,0.0517264135473369,64.93,SLS,2032,2,Medium,0.2655213900002798,0.23464151488869617,High
MSN-0374,Mission-374,2032-02-25,Asteroid,Proxima b,Mining,27.11,17.5,0.48358095238095233,96.4,3,97.0,0.5351642022661552,51.55,Starship,2032,2,Medium,0.3607784431137725,0.019133907659872985,High
MSN-0375,Mission-375,2032-03-03,Planet,Ceres,Exploration,35.48,22.2,0.18062857142857144,56.9,78,81.4,0.7057137829114456,12.88,SLS,2032,3,Medium,0.5261211280628756,0.0036312274281718967,High
MSN-0376,Mission-376,2032-03-10,Asteroid,Mars,Mining,43.56,25.3,0.3374666666666667,98.0,38,83.7,0.8664224263779513,31.89,Ariane 6,2032,3,Medium,0.5144627014541445,0.0073299560524428585,High
MSN-0377,Mission-377,2032-03-17,Star,Europa,Exploration,35.73,21.5,0.757295238095238,78.2,1,100.0,0.7231119039143773,80.44,Ariane 6,2032,3,Medium,0.19031394499878318,0.0221353270904593,High
MSN-0378,Mission-378,2032-03-24,Moon,Mars,Research,40.11,21.6,0.8880571428571429,24.6,38,100.0,0.7877369244121635,86.28,Ariane 6,2032,3,Medium,0.05129809196121364,0.021803460553880678,High
MSN-0379,Mission-379,2032-03-31,Moon,Io,Research,17.04,13.3,0.16386666666666666,52.9,85,81.7,0.32952641114759607,14.59,Falcon Heavy,2032,3,Medium,0.5324609964771012,0.008758186413105464,High
MSN-0380,Mission-380,2032-04-07,Exoplanet,Mars,Research,40.76,21.9,0.8908571428571428,74.6,29,100.0,0.8218632387702127,95.29,Starship,2032,4,Medium,0.15508710656521557,0.02308482443517402,High
MSN-0381,Mission-381,2032-04-14,Moon,Titan,Mining,4.1,6.1,0.35455238095238095,32.3,5,91.4,0.07242417818875563,33.55,SLS,2032,4,Medium,0.1619372305224105,0.08823838830150964,High
MSN-0382,Mission-382,2032-04-21,Exoplanet,Io,Colonization,44.75,24.4,0.6341714285714285,67.7,74,100.0,0.9002967679490614,66.57,Starship,2032,4,Medium,0.19551781897995726,0.014727778355453393,High
MSN-0383,Mission-383,2032-04-28,Planet,Titan,Colonization,27.42,18.4,0.7699238095238095,70.0,92,100.0,0.5617213340959176,75.43,Starship,2032,4,Medium,0.1676526237635619,0.026682278198919697,High
MSN-0384,Mission-384,2032-05-05,Star,Ceres,Research,40.88,24.3,0.8279047619047619,24.6,21,100.0,0.8098825326864698,81.38,Ariane 6,2032,5,Medium,0.05491439158872246,0.02000535901728406,High
MSN-0385,Mission-385,2032-05-12,Exoplanet,Io,Colonization,22.67,15.4,0.9691428571428571,60.9,71,100.0,0.4565526923092307,94.63,Ariane 6,2032,5,Medium,0.1166398529073776,0.041124346499671886,High
MSN-0386,Mission-386,2032-05-19,Planet,Proxima b,Colonization,32.21,18.0,0.3279428571428572,79.4,67,88.6,0.6289840697204703,31.98,Ariane 6,2032,5,Medium,0.4280554207774004,0.010109631652820455,High
MSN-0387,Mission-387,2032-05-26,Moon,Mars,Mining,26.37,16.0,0.8379428571428571,54.9,47,100.0,0.5312786219088338,85.99,Falcon Heavy,2032,5,Medium,0.12112787926926132,0.03214891914728161,High
MSN-0388,Mission-388,2032-06-02,Moon,Europa,Exploration,36.61,21.8,0.18057142857142858,11.1,84,76.2,0.7305031056645882,14.04,Starship,2032,6,Medium,0.10266370699223085,0.0038246022168527665,Medium
MSN-0389,Mission-389,2032-06-09,Planet,Betelgeuse,Research,4.17,6.2,0.6631809523809523,10.8,83,100.0,0.0845088730417115,70.8,Starship,2032,6,Medium,0.029876345127112784,0.16067173493702486,High
MSN-0390,Mission-390,2032-06-16,Moon,Mars,Research,3.11,3.0,0.7367238095238096,42.1,35,100.0,0.052126370352001995,74.46,Falcon Heavy,2032,6,Medium,0.10522369407648088,0.2671498277841561,High
MSN-0391,Mission-391,2032-06-23,Planet,Mars,Mining,12.43,11.1,0.676,93.4,68,100.0,0.22835333783951334,68.09,Falcon Heavy,2032,6,Medium,0.2536527076204443,0.058700806069227125,High
MSN-0392,Mission-392,2032-06-30,Exoplanet,Ceres,Mining,8.06,8.6,0.23230476190476193,30.6,69,85.6,0.16260243893659487,25.98,Falcon Heavy,2032,6,Medium,0.22619751626256654,0.03125751961114587,High
MSN-0393,Mission-393,2032-07-07,Exoplanet,Proxima b,Colonization,43.6,23.9,0.8482095238095237,67.1,1,100.0,0.8476624524551348,87.43,Starship,2032,7,Medium,0.1463053005690862,0.02053875771407362,High
MSN-0394,Mission-394,2032-07-14,Planet,Betelgeuse,Research,11.04,9.8,0.22493333333333335,30.0,68,87.9,0.21399088898398977,17.72,Starship,2032,7,Medium,0.22829312837683585,0.016284818909505297,High
MSN-0395,Mission-395,2032-07-21,Exoplanet,Io,Exploration,48.8,27.5,0.11653333333333332,39.0,12,86.5,0.9816939770504787,6.31,Ariane 6,2032,7,Medium,0.5234899328859061,0.0012806825977357693,High
MSN-0396,Mission-396,2032-07-28,Exoplanet,Io,Mining,16.91,11.3,0.6717904761904762,86.3,60,100.0,0.3364696612765821,72.03,Ariane 6,2032,7,Medium,0.23578590748886644,0.04235588825054834,High
MSN-0397,Mission-397,2032-08-04,Exoplanet,Io,Exploration,9.19,6.9,0.44281904761904767,75.6,27,89.3,0.19965043775272273,48.07,Starship,2032,8,Medium,0.30756712774613504,0.047293441687491396,High
MSN-0398,Mission-398,2032-08-11,Asteroid,Titan,Exploration,39.51,23.1,0.8111428571428572,18.6,56,100.0,0.7967539505733381,85.06,Ariane 6,2032,8,Medium,0.04235261971446137,0.02125299205948639,High
MSN-0399,Mission-399,2032-08-18,Star,Titan,Research,32.97,20.4,0.4292190476190476,48.6,23,95.4,0.6491798885720342,38.96,Falcon Heavy,2032,8,Medium,0.20363697309980727,0.011935140963940313,High
MSN-0400,Mission-400,2032-08-25,Moon,Europa,Research,24.96,15.1,0.15676190476190477,12.6,25,89.9,0.4958084526871098,17.66,SLS,2032,8,Medium,0.13177159590043924,0.0070714391539899975,High
MSN-0401,Mission-401,2032-09-01,Asteroid,Betelgeuse,Mining,27.81,17.4,0.8419238095238095,53.3,21,100.0,0.5520543781271623,83.81,Ariane 6,2032,9,Medium,0.11705795796455318,0.030162346192188237,High
MSN-0402,Mission-402,2032-09-08,Exoplanet,Io,Research,35.99,21.8,0.5130285714285715,69.6,61,100.0,0.7002903686401868,55.34,Starship,2032,9,Medium,0.2462322224580768,0.015722082224160414,High
MSN-0403,Mission-403,2032-09-15,Planet,Titan,Research,11.5,9.6,0.2225904761904762,20.7,63,83.9,0.21696056825862808,19.73,Ariane 6,2032,9,Medium,0.15901060070671377,0.017887903679123827,High
MSN-0404,Mission-404,2032-09-22,Exoplanet,Europa,Research,49.82,26.1,0.6985333333333333,36.0,52,100.0,0.9870733960732241,72.32,Ariane 6,2032,9,Medium,0.09472437837126693,0.014598422272283182,High
MSN-0405,Mission-405,2032-09-29,Star,Proxima b,Exploration,48.74,28.8,0.5416,45.8,88,99.3,0.9507233218812368,51.6,Ariane 6,2032,9,Medium,0.15386682792447756,0.010812645766409133,High
MSN-0406,Mission-406,2032-10-06,Exoplanet,Europa,Mining,32.55,19.1,0.5776761904761905,92.8,25,97.4,0.6477920384598463,60.83,SLS,2032,10,Medium,0.29311433986102337,0.018674574887102172,High
MSN-0407,Mission-407,2032-10-13,Planet,Titan,Colonization,10.06,7.1,0.4802857142857143,99.4,55,100.0,0.19507693169137735,46.63,Falcon Heavy,2032,10,Medium,0.37443025577278033,0.04693271601831816,High
MSN-0408,Mission-408,2032-10-20,Star,Ceres,Exploration,34.04,19.0,0.7893904761904762,14.0,46,100.0,0.6603886780227736,83.04,Starship,2032,10,Medium,0.03272939801285798,0.025009336337023697,High
MSN-0409,Mission-409,2032-10-27,Exoplanet,Ceres,Research,3.7,4.8,0.8348571428571429,78.5,32,100.0,0.07442196242805776,83.13,SLS,2032,10,Medium,0.1738186971347593,0.2130391327746598,High
MSN-0410,Mission-410,2032-11-03,Star,Io,Exploration,1.63,5.4,0.7364571428571428,43.5,55,100.0,0.03614209665356142,71.23,Starship,2032,11,Medium,0.10876087608760876,0.3583178228281101,High
MSN-0411,Mission-411,2032-11-10,Moon,Ceres,Research,12.96,9.0,0.09721904761904762,45.3,96,73.4,0.25783015434333095,11.43,Starship,2032,11,Medium,0.7038533250466128,0.008742876811871343,Medium
MSN-0412,Mission-412,2032-11-17,Moon,Io,Research,23.18,15.6,0.8578857142857143,77.9,5,100.0,0.45669867654293345,84.05,Starship,2032,11,Medium,0.16799292661361628,0.0365149013815275,High
MSN-0413,Mission-413,2032-11-24,Exoplanet,Io,Exploration,43.43,23.1,0.6741333333333334,92.7,36,100.0,0.8708079527411039,67.43,SLS,2032,11,Medium,0.25242348328068837,0.015421136768536584,High
MSN-0414,Mission-414,2032-12-01,Star,Titan,Mining,36.39,21.1,0.6551619047619047,95.6,49,100.0,0.7309110616053467,70.01,Falcon Heavy,2032,12,Medium,0.26757725033587104,0.019060661419380835,High
MSN-0415,Mission-415,2032-12-08,Planet,Ceres,Research,37.16,23.5,0.36824761904761905,61.9,58,85.8,0.7425818011654741,36.94,Starship,2032,12,Medium,0.2995402855068957,0.009899849117080322,High
MSN-0416,Mission-416,2032-12-15,Exoplanet,Io,Mining,21.33,14.7,0.8301142857142857,42.1,39,100.0,0.41469721270102833,88.05,Falcon Heavy,2032,12,Medium,0.09373677999688286,0.042093538008480855,High
MSN-0417,Mission-417,2032-12-22,Moon,Betelgeuse,Colonization,17.36,10.5,0.7353333333333333,80.9,80,100.0,0.34631659780743684,72.81,Falcon Heavy,2032,12,Medium,0.20256904624784036,0.041609756376333705,High
MSN-0418,Mission-418,2032-12-29,Moon,Proxima b,Research,18.61,12.3,0.16306666666666667,32.6,97,72.5,0.3805009059021626,12.15,Ariane 6,2032,12,Medium,0.3295259274234307,0.0063255881755754206,Medium
MSN-0419,Mission-419,2033-01-05,Exoplanet,Europa,Mining,49.38,26.6,0.38039999999999996,60.8,85,87.2,0.9779163850304168,41.37,SLS,2033,1,Medium,0.2854058113880674,0.008428803403305101,High
MSN-0420,Mission-420,2033-01-12,Star,Europa,Mining,2.1,3.7,0.8690095238095238,42.3,61,100.0,0.05936158894839358,88.75,SLS,2033,1,Medium,0.09008625279522947,0.2818355033343919,High
MSN-0421,Mission-421,2033-01-19,Moon,Titan,Colonization,43.36,25.8,0.10657142857142857,69.1,9,74.9,0.8582393101545034,5.67,Ariane 6,2033,1,Medium,0.9975458351378663,0.0013156307138282764,Medium
MSN-0422,Mission-422,2033-01-26,Star,Ceres,Mining,28.98,18.6,0.9799047619047618,31.6,6,100.0,0.5762497650253773,96.18,Ariane 6,2033,1,Medium,0.059874566572560024,0.0331698636373042,High
MSN-0423,Mission-423,2033-02-02,Moon,Ceres,Mining,21.99,12.9,0.6743619047619047,27.2,35,98.6,0.4294176228967272,68.24,Falcon Heavy,2033,2,Medium,0.07404181184668988,0.03151409914195199,High
MSN-0424,Mission-424,2033-02-09,Moon,Io,Colonization,36.29,22.8,0.6700761904761905,92.6,39,100.0,0.7243417710887224,63.51,Starship,2033,2,Medium,0.2536221960505053,0.01744703529515186,High
MSN-0425,Mission-425,2033-02-16,Asteroid,Mars,Research,24.38,15.6,0.2912,19.2,22,92.9,0.4665156163134382,27.79,SLS,2033,2,Medium,0.11552346570397112,0.011821055004700348,High
MSN-0426,Mission-426,2033-02-23,Moon,Io,Mining,43.68,24.4,0.25742857142857145,55.5,41,81.0,0.8644346410587657,25.63,Starship,2033,2,Medium,0.37381289149323094,0.00590457760269081,High
MSN-0427,Mission-427,2033-03-02,Planet,Proxima b,Mining,45.05,25.5,0.9534095238095238,29.9,5,100.0,0.8863702720106229,94.26,Starship,2033,3,Medium,0.05818705483983964,0.02118016623262231,High
MSN-0428,Mission-428,2033-03-09,Exoplanet,Betelgeuse,Mining,21.14,14.0,0.31331428571428577,13.5,42,89.9,0.4204965863686722,30.53,Ariane 6,2033,3,Medium,0.07592373882233845,0.014395714763977236,High
MSN-0429,Mission-429,2033-03-16,Exoplanet,Europa,Exploration,13.91,10.2,0.7613333333333333,13.2,87,100.0,0.2845012738624229,77.78,Starship,2033,3,Medium,0.03195971139412135,0.0539868954411683,High
MSN-0430,Mission-430,2033-03-23,Star,Io,Colonization,29.66,17.8,0.40249523809523813,25.8,81,88.4,0.5959836337675531,39.92,Falcon Heavy,2033,3,Medium,0.1148555402216979,0.013314211386452323,High
MSN-0431,Mission-431,2033-03-30,Moon,Mars,Exploration,45.63,25.8,0.1964190476190476,88.0,76,87.1,0.8851764009486975,14.79,Ariane 6,2033,3,Medium,0.7557540364136036,0.003327768302725665,High
MSN-0432,Mission-432,2033-04-06,Planet,Mars,Colonization,10.61,7.0,0.07380952380952381,35.4,87,72.5,0.22898326980686085,2.06,Starship,2033,4,Medium,0.6798540426349146,0.0017711288797179951,Medium
MSN-0433,Mission-433,2033-04-13,Star,Io,Research,31.19,19.8,0.5368571428571428,95.5,80,92.8,0.6230727081475201,54.88,Ariane 6,2033,4,Medium,0.3235423654165396,0.017512508934953538,High
MSN-0434,Mission-434,2033-04-20,Asteroid,Titan,Research,31.61,19.0,0.9371619047619048,62.3,67,100.0,0.6207569582485092,97.6,Falcon Heavy,2033,4,Medium,0.1232857736528605,0.03126020921279363,High
MSN-0435,Mission-435,2033-04-27,Star,Europa,Mining,36.68,19.9,0.37996190476190483,49.3,30,97.7,0.7314810000519945,37.54,Falcon Heavy,2033,4,Medium,0.23167293233082703,0.010212576104639458,High
MSN-0436,Mission-436,2033-05-04,Star,Titan,Colonization,6.67,7.4,0.37628571428571433,62.2,57,100.0,0.1315357941342335,36.36,Starship,2033,5,Medium,0.2949684639825485,0.05380210414169664,High
MSN-0437,Mission-437,2033-05-11,Moon,Betelgeuse,Research,35.82,22.6,0.3327809523809524,56.5,86,82.8,0.7060437472752943,35.07,Ariane 6,2033,5,Medium,0.30048396532468225,0.009882603574306922,High
MSN-0438,Mission-438,2033-05-18,Asteroid,Mars,Colonization,45.46,27.5,0.5509142857142857,78.3,73,100.0,0.90746999324073,52.53,Starship,2033,5,Medium,0.2588001983143282,0.011530103821418381,High
MSN-0439,Mission-439,2033-05-25,Star,Mars,Research,9.07,7.0,0.44699047619047616,35.4,29,92.7,0.1716954568906558,44.63,Starship,2033,5,Medium,0.14274769143917093,0.05091087459931785,High
MSN-0440,Mission-440,2033-06-01,Planet,Proxima b,Exploration,11.95,7.5,0.8468571428571429,41.8,37,100.0,0.231319017546105,88.11,Ariane 6,2033,6,Medium,0.09128232005590495,0.07500127683481163,High
MSN-0441,Mission-441,2033-06-08,Planet,Betelgeuse,Research,48.57,27.4,0.47268571428571426,90.5,87,88.8,0.9608222311990304,51.05,Starship,2033,6,Medium,0.34610677680893376,0.010585378699439525,High
MSN-0442,Mission-442,2033-06-15,Exoplanet,Mars,Exploration,9.13,6.0,0.48710476190476193,95.2,13,90.6,0.16464421842441018,51.27,Falcon Heavy,2033,6,Medium,0.35383757665861365,0.06093633003316021,High
MSN-0443,Mission-443,2033-06-22,Asteroid,Betelgeuse,Research,42.73,26.1,0.20512380952380954,90.3,32,78.2,0.8523539457738565,14.7,Ariane 6,2033,6,Medium,0.746219320717296,0.0034343467381883,Medium
MSN-0444,Mission-444,2033-06-29,Asteroid,Europa,Mining,24.66,14.1,0.9411047619047618,47.8,46,100.0,0.4953864982581882,98.29,Ariane 6,2033,6,Medium,0.09420575482853764,0.039390684738263744,High
MSN-0445,Mission-445,2033-07-06,Exoplanet,Ceres,Exploration,12.44,8.2,0.23752380952380955,80.2,23,80.6,0.25030896663160385,25.75,Ariane 6,2033,7,Medium,0.5810752064918128,0.020279742309449178,High
MSN-0446,Mission-446,2033-07-13,Star,Mars,Research,43.55,24.4,0.0981904761904762,52.9,45,79.8,0.8754934467077555,8.26,Ariane 6,2033,7,Medium,0.8154771080622784,0.0018789808917197453,Medium
MSN-0447,Mission-447,2033-07-20,Asteroid,Proxima b,Mining,22.32,13.7,0.6399619047619047,54.8,17,100.0,0.44598383374595546,66.65,Starship,2033,7,Medium,0.15688519896936728,0.02964567524530518,High
MSN-0448,Mission-448,2033-07-27,Planet,Europa,Exploration,25.79,17.1,0.5506666666666666,28.4,85,100.0,0.5068052650313767,59.94,Starship,2033,7,Medium,0.0939091329938496,0.023484148004200033,High
MSN-0449,Mission-449,2033-08-03,Planet,Io,Mining,18.03,11.8,0.40763809523809524,63.2,66,100.0,0.3653445427893788,42.1,Falcon Heavy,2033,8,Medium,0.27800994149474334,0.02281867554119828,High
MSN-0450,Mission-450,2033-08-10,Moon,Betelgeuse,Colonization,29.69,16.5,0.4349333333333333,26.8,6,96.2,0.5765497326288761,42.8,SLS,2033,8,Medium,0.11089961102375238,0.014752923009044782,High
MSN-0451,Mission-451,2033-08-17,Asteroid,Io,Colonization,8.26,6.2,0.7777333333333333,39.8,18,100.0,0.15256552292352427,78.72,SLS,2033,8,Medium,0.09439556008822901,0.10079772590496433,High
MSN-0452,Mission-452,2033-08-24,Star,Titan,Exploration,19.61,12.8,0.20390476190476192,87.0,94,88.9,0.37890507825154884,20.38,Falcon Heavy,2033,8,Medium,0.722771454681399,0.010654593551827435,High
MSN-0453,Mission-453,2033-08-31,Exoplanet,Europa,Research,48.47,25.8,0.8012380952380953,28.6,22,100.0,0.9764825398856923,82.21,SLS,2033,8,Medium,0.06590317303039381,0.01677412772903489,High
MSN-0454,Mission-454,2033-09-07,Exoplanet,Io,Exploration,12.98,9.9,0.6878857142857142,16.4,33,100.0,0.26538733816747795,65.23,Falcon Heavy,2033,9,Medium,0.043796400149548685,0.048493093655678964,High
MSN-0455,Mission-455,2033-09-14,Star,Mars,Mining,32.87,19.7,0.41632380952380954,16.2,30,100.0,0.6585908721858039,42.48,Starship,2033,9,Medium,0.06986070981931088,0.012828527165493436,High
MSN-0456,Mission-456,2033-09-21,Moon,Betelgeuse,Research,16.33,12.0,0.4419619047619048,94.7,81,96.8,0.3336719634279498,46.34,Ariane 6,2033,9,Medium,0.38597921336865704,0.027475394284359068,High
MSN-0457,Mission-457,2033-09-28,Exoplanet,Ceres,Colonization,38.7,24.1,0.2507809523809523,55.6,32,77.0,0.7615137565142964,26.41,Ariane 6,2033,9,Medium,0.3835011725755277,0.006902698351297948,Medium
MSN-0458,Mission-458,2033-10-05,Asteroid,Europa,Research,6.63,8.0,0.7379238095238095,46.8,42,100.0,0.13245969435300986,75.46,Starship,2033,10,Medium,0.1167868639732488,0.11090046000323325,High
MSN-0459,Mission-459,2033-10-12,Moon,Mars,Colonization,48.49,29.0,0.5404761904761904,83.0,78,100.0,0.9648317981657981,51.77,Ariane 6,2033,10,Medium,0.2793954286868415,0.010690229085187313,High
MSN-0460,Mission-460,2033-10-19,Asteroid,Proxima b,Research,22.74,13.3,0.3077523809523809,85.2,10,86.6,0.4596063625128487,32.76,Ariane 6,2033,10,Medium,0.48716335982617653,0.014143001459198562,High
MSN-0461,Mission-461,2033-10-26,Planet,Titan,Research,11.88,7.5,0.6142666666666666,39.9,36,100.0,0.23281085642750587,60.01,SLS,2033,10,Medium,0.11881718829099788,0.0507595750439843,High
MSN-0462,Mission-462,2033-11-02,Moon,Betelgeuse,Research,3.77,4.1,0.9268952380952381,72.4,34,100.0,0.06793066348834326,99.58,Starship,2033,11,Medium,0.14481737808537026,0.2783508036338225,High
MSN-0463,Mission-463,2033-11-09,Exoplanet,Europa,Mining,8.57,8.9,0.4355428571428571,79.4,73,97.7,0.17317929663596332,44.09,SLS,2033,11,Medium,0.32812629142904376,0.04987274475425599,High
MSN-0464,Mission-464,2033-11-16,Moon,Europa,Mining,26.04,17.9,0.9265714285714285,68.9,28,100.0,0.5258932035340184,92.15,SLS,2033,11,Medium,0.1378634171718991,0.03480234608978741,High
MSN-0465,Mission-465,2033-11-23,Moon,Ceres,Exploration,16.92,12.9,0.34300952380952376,23.6,11,88.3,0.3280685685945918,35.16,Ariane 6,2033,11,Medium,0.1220268872802482,0.021198856853452953,High
MSN-0466,Mission-466,2033-11-30,Moon,Ceres,Exploration,41.46,22.2,0.09028571428571429,88.8,78,74.5,0.8248889119975042,6.42,Ariane 6,2033,11,Medium,1.4624505928853755,0.0015496204395418723,Medium
MSN-0467,Mission-467,2033-12-07,Moon,Proxima b,Colonization,21.6,15.6,0.19775238095238096,58.5,39,86.0,0.41775888204073963,21.22,Starship,2033,12,Medium,0.4994024244493768,0.010070808891926268,High
MSN-0468,Mission-468,2033-12-14,Asteroid,Titan,Mining,12.51,8.9,0.4500761904761905,35.4,47,97.7,0.2215840689205566,42.45,Ariane 6,2033,12,Medium,0.14182124113617242,0.03769647455820976,High
MSN-0469,Mission-469,2033-12-21,Planet,Proxima b,Colonization,30.9,16.5,0.1979809523809524,48.3,19,80.4,0.6163254368528199,22.74,Ariane 6,2033,12,Medium,0.4119051680027289,0.007335436545570674,High
MSN-0470,Mission-470,2033-12-28,Star,Mars,Exploration,35.37,20.5,0.0658095238095238,13.4,15,80.2,0.7098013414551229,1.02,Starship,2033,12,Medium,0.27992479632337586,0.0002859185132237313,High
MSN-0471,Mission-471,2034-01-04,Moon,Mars,Colonization,8.44,5.4,0.8673142857142857,21.5,28,100.0,0.16778987869310114,91.59,Ariane 6,2034,1,Medium,0.04587547475782017,0.10686034301715086,High
MSN-0472,Mission-472,2034-01-11,Exoplanet,Proxima b,Exploration,8.46,7.4,0.8632952380952381,78.9,24,100.0,0.14607622376783308,84.54,SLS,2034,1,Medium,0.16911370699817813,0.11294287393790414,High
MSN-0473,Mission-473,2034-01-18,Moon,Titan,Mining,1.93,3.3,0.7188571428571429,10.0,72,100.0,0.03147660052714307,74.49,Starship,2034,1,Medium,0.02559377559377559,0.42454120597287126,High
MSN-0474,Mission-474,2034-01-25,Exoplanet,Proxima b,Research,36.85,21.3,0.21169523809523808,47.5,9,77.6,0.7111271982625876,17.61,Ariane 6,2034,1,Medium,0.3816487224811185,0.004927142089712597,Medium
MSN-0475,Mission-475,2034-02-01,Asteroid,Titan,Mining,33.22,20.1,0.12937142857142855,57.0,47,76.8,0.6744131633783551,12.92,Falcon Heavy,2034,2,Medium,0.7016248153618907,0.003810658636362296,Medium
MSN-0476,Mission-476,2034-02-08,Exoplanet,Titan,Colonization,23.78,16.4,0.13432380952380954,14.9,33,84.6,0.4610782035540162,7.69,Starship,2034,2,Medium,0.17771946564885496,0.0033093772862245563,High
MSN-0477,Mission-477,2034-02-15,Star,Io,Colonization,42.22,24.8,0.6805523809523809,97.6,62,100.0,0.8532498490163063,72.68,Starship,2034,2,Medium,0.26334961280051805,0.016962404049692282,High
MSN-0478,Mission-478,2034-02-22,Planet,Betelgeuse,Mining,40.3,22.9,0.8784380952380952,30.4,97,100.0,0.8117583301003491,92.95,Falcon Heavy,2034,2,Medium,0.06406743940990516,0.022797004873334987,High
MSN-0479,Mission-479,2034-03-01,Exoplanet,Titan,Mining,29.31,18.9,0.43798095238095236,37.4,19,91.0,0.5735200598335379,43.62,Ariane 6,2034,3,Medium,0.1537449642357971,0.015114502229752908,High
MSN-0480,Mission-480,2034-03-08,Exoplanet,Ceres,Exploration,43.43,26.3,0.10598095238095237,37.4,67,75.6,0.853567814676015,12.79,Ariane 6,2034,3,Medium,0.5423433874709978,0.0029838837615132653,Medium
MSN-0481,Mission-481,2034-03-15,Planet,Titan,Colonization,10.37,6.7,0.4874857142857143,30.7,74,89.4,0.2072696148815928,51.73,Starship,2034,3,Medium,0.11402042711234911,0.04905549444296931,High
MSN-0482,Mission-482,2034-03-22,Star,Titan,Colonization,5.68,6.0,0.4029904761904761,10.1,40,91.4,0.10153303443228132,35.53,Starship,2034,3,Medium,0.044910845302147714,0.06757579215641524,High
MSN-0483,Mission-483,2034-03-29,Moon,Titan,Mining,13.56,8.9,0.43062857142857147,75.6,47,93.0,0.26858299303675204,38.11,Ariane 6,2034,3,Medium,0.3157894736842105,0.027999000822851772,High
MSN-0484,Mission-484,2034-04-05,Exoplanet,Io,Research,2.95,2.7,0.6069904761904762,97.0,65,100.0,0.050554540109668165,62.51,Ariane 6,2034,4,Medium,0.29217747522515736,0.23078343055453,High
MSN-0485,Mission-485,2034-04-12,Planet,Io,Colonization,26.61,17.0,0.749847619047619,30.2,29,100.0,0.5107208421490479,72.15,SLS,2034,4,Medium,0.07420329737831396,0.028052753952269496,High
MSN-0486,Mission-486,2034-04-19,Asteroid,Mars,Research,46.84,27.9,0.1412,69.7,50,72.8,0.9107856351514035,11.95,Starship,2034,4,Medium,0.7970268724985706,0.0026134614038771085,Medium
MSN-0487,Mission-487,2034-04-26,Planet,Io,Mining,2.06,2.7,0.04476190476190477,76.8,98,79.1,0.03984969623280686,4.52,Starship,2034,4,Medium,2.0858229223248235,0.020797864997929412,Medium
MSN-0488,Mission-488,2034-05-03,Asteroid,Ceres,Mining,6.19,7.3,0.9891428571428571,86.4,13,100.0,0.11455962756022349,99.44,Falcon Heavy,2034,5,Medium,0.1622169651909429,0.1682799702159345,High
MSN-0489,Mission-489,2034-05-10,Star,Ceres,Exploration,22.66,15.7,0.2669904761904762,48.0,1,86.3,0.44401004691493323,24.04,SLS,2034,5,Medium,0.31272395595804287,0.010740054057676413,High
MSN-0490,Mission-490,2034-05-17,Moon,Io,Colonization,46.7,28.0,0.12914285714285714,37.3,34,78.1,0.9372447775640231,6.33,Ariane 6,2034,5,Medium,0.45981262327416167,0.0013454373096354992,Medium
MSN-0491,Mission-491,2034-05-24,Planet,Proxima b,Research,15.88,10.0,0.18984761904761904,39.3,93,78.7,0.32568682582281117,19.8,SLS,2034,5,Medium,0.3478183910080538,0.012024267157353932,Medium
MSN-0492,Mission-492,2034-05-31,Exoplanet,Betelgeuse,Exploration,25.41,17.3,0.08554285714285713,74.1,48,76.9,0.5018078047570862,4.86,Ariane 6,2034,5,Medium,1.2725399278722307,0.001922947570003601,Medium
MSN-0493,Mission-493,2034-06-07,Star,Io,Colonization,2.17,3.4,0.3603428571428572,83.5,77,92.6,0.036378071168313826,39.79,Ariane 6,2034,6,Medium,0.4123456790123457,0.19897984697704654,High
MSN-0494,Mission-494,2034-06-14,Planet,Titan,Exploration,7.5,7.0,0.7532380952380952,26.3,48,100.0,0.15137365164562228,80.44,SLS,2034,6,Medium,0.06433935954204076,0.10379220913278538,High
MSN-0495,Mission-495,2034-06-21,Exoplanet,Europa,Mining,49.33,25.9,0.30813333333333337,43.4,49,84.8,0.9693133141620704,34.78,Starship,2034,6,Medium,0.24787252270261007,0.007148803222922213,High
MSN-0496,Mission-496,2034-06-28,Planet,Betelgeuse,Colonization,48.26,25.3,0.49809523809523804,91.2,64,96.2,0.9637159186807824,44.97,Ariane 6,2034,6,Medium,0.3318535768866895,0.009296777447923989,High
MSN-0497,Mission-497,2034-07-05,Asteroid,Betelgeuse,Exploration,0.35,4.1,0.6978857142857142,82.6,61,100.0,0.008905038255868367,67.88,SLS,2034,7,Near,0.21753443417344814,1.0845182936571336,High
MSN-0498,Mission-498,2034-07-12,Planet,Ceres,Exploration,47.6,26.6,0.539295238095238,98.6,29,100.0,0.9550868506201331,51.38,Falcon Heavy,2034,7,Medium,0.33260246247259234,0.010717541265036995,High
MSN-0499,Mission-499,2034-07-19,Planet,Betelgeuse,Research,31.99,18.0,0.8458285714285714,77.9,39,100.0,0.6167533906338115,86.28,SLS,2034,7,Medium,0.17031789759062488,0.02781287876834206,High
MSN-0500,Mission-500,2034-07-26,Planet,Io,Exploration,43.41,23.5,0.8306285714285714,45.4,88,100.0,0.8568814568026654,86.74,Falcon Heavy,2034,7,Medium,0.10102358700489542,0.020158357212411077,High
